first_name,last_name,tmdb_id,movie_id
Rebecca,Hall,15556,823464
Brian,Henry,226366,823464
Dan,Stevens,221018,823464
Kaylee,Hottle,2948491,823464
Alex,Ferns,60416,823464
Fala,Chen,123701,823464
Rachel,House,15298,823464
Ron,Smyck,2896645,823464
Chantelle,Jamieson,1984017,823464
Greg,Hatton,2096500,823464
Kevin,Copeland,61782,823464
Tess,Dobre,4623438,823464
Tim,Carroll,1850005,823464
Anthony,Wong,930817,823464
Sophia,Emberson-Bain,1634440,823464
Chika,Ikogwe,3366146,823464
Vincent,Gorce,1202032,823464
Yeye,Zhou,4589985,823464
Jamaliah,Othman,4636543,823464
Nick,Lawler,4636546,823464
Jordy,Campbell,4193195,823464
Cassie,Riley,4364226,823464
Jack,Black,70851,1011985
Awkwafina,,1625558,1011985
Bryan,Cranston,17419,1011985
Viola,Davis,19492,1011985
Dustin,Hoffman,4483,1011985
James,Hong,20904,1011985
Ian,McShane,6972,1011985
Ke,Quan,690,1011985
Ronny,Chieng,1319469,1011985
Lori,Chinn,171743,1011985
Seth,Rogen,19274,1011985
Jimmy,Donaldson,2282154,1011985
James,Murray,202446,1011985
James,Sie,154657,1011985
Cedric,Yarbrough,63235,1011985
Vic,Chao,109423,1011985
Audrey,Brooke,4566278,1011985
Lincoln,Nakamura,4582130,1011985
Cece,Valentina,4379987,1011985
April,Hong,1453786,1011985
Suzanne,Buirgy,1295761,1011985
Logan,Kim,2357412,1011985
Reyn,Doi,2373501,1011985
Mick,Wingert,971877,1011985
Peggy,Etra,2639174,1011985
Gedde,Watanabe,16183,1011985
Karen,Maruyama,157865,1011985
Tom,McGrath,18864,1011985
Phil,LaMarr,31549,1011985
Mike,Mitchell,64151,1011985
Colleen,Smith,102693,1011985
Sarah,Oh,3097574,1011985
Paul,Pape,174563,1011985
James,Leung,1502451,1011985
Steve,Alterman,217777,1011985
Christopher,Knights,12097,1011985
Harry,Jr.,232499,1011985
Timothée,Chalamet,1190668,693134
Zendaya,,505710,693134
Rebecca,Ferguson,933238,693134
Javier,Bardem,3810,693134
Josh,Brolin,16851,693134
Austin,Butler,86654,693134
Florence,Pugh,1373737,693134
Dave,Bautista,543530,693134
Christopher,Walken,4690,693134
Léa,Seydoux,121529,693134
Stellan,Skarsgård,1640,693134
Charlotte,Rampling,44079,693134
Souheila,Yacoub,2037046,693134
Roger,Yuan,2974,693134
Babs,Olusanmokun,205923,693134
Alison,Halstead,4033288,693134
Giusi,Merli,1934576,693134
Kait,Tenison,1780346,693134
Tara,Breathnach,1239728,693134
Akiko,Hitomi,2855994,693134
Imola,Gáspár,997684,693134
Alison,Adnet,4554406,693134
Hamza,Baissa,4554407,693134
Hassan,Najib,4072164,693134
Jasper,Ryan-Carter,4554408,693134
Elbooz,Fathie,4072167,693134
Abdelkarim,Hassanin,4554411,693134
Joseph,Beddelem,59298,693134
Xavier,Royo,3734838,693134
Rachid,Abbad,1627984,693134
Affif,Badra,54807,693134
Botond,Bóta,3495288,693134
Abdelaziz,Boumane,4554420,693134
Abdellah,Echahbi,4554421,693134
Zouhair,Elakkari,4554422,693134
Noureddine,Hajoujou,2990052,693134
Mohamed,Mouraoui,4554423,693134
Adil,Sayd,4554424,693134
Hamza,Sayd,4554426,693134
Hopi,Grace,3669713,693134
Havin,Fathi,4554427,693134
Kincsö,Pethö,63007,693134
Cat,Simmons,1767276,693134
Burt,Caesar,1373526,693134
Remi,Fadare,4554430,693134
Amer,El-Erwadi,3012028,693134
Tedroy,Newell,3624711,693134
Oxa,Hazel,4554432,693134
Hajiyeva,Pakiza,4554433,693134
Leon,Herbert,145536,693134
Sima,Rostami,4554435,693134
Yvonne,Campbell,2798670,693134
Joseph,Charles,2054077,693134
Vic,Zander,4020310,693134
Dylan,Baldwin,3237601,693134
Marcia,Tucker,1749388,693134
Nicola,Brome,2342156,693134
Kathy,Owen,4554439,693134
Huw,Novelli,1901394,693134
Moe,Bar-El,1935849,693134
Serhat,Metin,2938342,693134
Amra,Mallassi,1363060,693134
Adam,Bloom,1790182,693134
Luis,Alkmim,3899921,693134
Jordan,Long,199529,693134
Omar,A.K.,4558342,693134
Zdeněk,Dvořáček,1425059,693134
Billy,Clements,2423284,693134
Anton,Saunders,208460,693134
Lex,Daniel,1364324,693134
Dominic,McHale,1117371,693134
Paul,Boyle,4558343,693134
Niall,White,4233589,693134
Tony,Cook,109167,693134
Gábor,Szemán,2069517,693134
Jonathan,Gunning,2863913,693134
Will,Irvine,4558348,693134
Alan,Mehdizadeh,3313934,693134
Rex,Adams,4072158,693134
Molly,Mcowan,4072157,693134
Ana,Cilas,3857644,693134
Kajsa,Mohammar,2212128,693134
Sára,Bácsfalvi,4558354,693134
Kocsis,Zsofia,2758109,693134
Matthew,Sim,1434017,693134
Steve,Wall,1398632,693134
Italo,Amerighi,1882774,693134
Tim,Hilborne,4072170,693134
Cecile,Sinclair,1238612,693134
Tracy,Coogan,93089,693134
Zoe,Kaska,4558357,693134
Jimmy,Walker,2158768,693134
Rand,Faris,3269719,693134
Fouad,Humaidan,4072163,693134
Manaf,Irani,2757115,693134
Dora,Kápolnai-Schvab,3314410,693134
Joelle,,3314411,693134
Anya,Taylor-Joy,1397778,693134
Peter,Jr.,2372075,693134
Alexandra,Tóth,3529502,693134
Jake,Gyllenhaal,131,359410
Daniela,Melchior,1784612,359410
Conor,McGregor,1199115,359410
Billy,Magnussen,141034,359410
Jessica,Williams,1394648,359410
Hannah,Lanier,3647727,359410
Joaquim,Almeida,22462,359410
B.K.,Cannon,1437461,359410
J.,Pardo,81391,359410
Arturo,Castro,1457999,359410
Lukas,Gage,1371509,359410
Post,Malone,1821863,359410
Dominique,Columbus,1650612,359410
Beau,Knapp,1078613,359410
Kevin,Carroll,6950,359410
Bob,Menery,3647730,359410
Darren,Barnet,2000335,359410
Travis,Winkle,74290,359410
Cesar,Báez,4607920,359410
Franklin,Jr.,4607921,359410
Catfish,Jean,1310673,359410
Chad,Guerrero,209349,359410
Craig,Ng,95190,359410
Joe,Ciotti,4607925,359410
Vanessa,Reyes,4607926,359410
Ellenike,Pichardo,4607927,359410
Braian,Valerio,4607929,359410
Jose,Prestol,4471650,359410
Candy,Santana,3553870,359410
Jonathan,Hunt,4607934,359410
Cannon,Smith,2047192,359410
Ruairi,Rhodes,2402971,359410
Omar,Patin,2097023,359410
Jose,Diaz,4607936,359410
Samuel,Sang,4607937,359410
Katherine,Read,4607938,359410
Ty,Hemenway,4607939,359410
Claudia,Peña,4607941,359410
Alexander,Bellone,4607942,359410
Alejandro,Bescos,4607943,359410
Luis,Dominguez,4607944,359410
Jay,Hieron,89239,359410
Chris,Tognoni,4607945,359410
Mark,Smith,4607946,359410
David,Warren,4607947,359410
Kenny,Lorenzetti,2666786,359410
Bruce,Buffer,1451393,359410
Jon,Anik,1390201,359410
Daniel,Cormier,129851,359410
Megan,Olivi,2581246,359410
Tommy,Lentsch,2191883,359410
Franck,Gastambide,1077537,984324
Alban,Lenoir,220692,984324
Ana,Girardot,228714,984324
Sofiane,Zermani,2199581,984324
Astrid,Whettnall,1167748,984324
Bakary,Diombera,2358822,984324
Alka,Matewa,3186519,984324
Rabie,Kati,1389579,984324
Joseph,Beddelem,59298,984324
Brice,Bexter,2143272,984324
Birol,Yıldız,212749,984324
Sarah,Afchain,3206655,984324
Lelyn,Mac,3414079,935271
Eve,James,3414080,935271
Kannon,Smith,3414082,935271
Juniper,Preacher,3430739,935271
Derek,Sneddon,3430740,935271
Alec,McCormick,3430741,935271
Gu,Sewen,3430742,935271
Virginia,Fivas,3430743,935271
Leslie,Ldmaw,3430744,935271
Bonko,Khoza,1531928,1181548
Connie,Ferguson,2880997,1181548
Masasa,Mbangeni,2387551,1181548
Tim,Theron,1149946,1181548
Peter,Butler,152244,1181548
Nicole,Fortuin,1658759,1181548
Sisanda,Henna,1149950,1181548
Milan,Murray,1482164,1181548
Deon,Coetzee,1148671,1181548
Wanda,Banda,3719592,1181548
Connie,Chiume,1181397,1181548
Dann-Jaques,Mouton,1686179,1181548
Dakota,Johnson,118545,634492
Sydney,Sweeney,115440,634492
Isabela,Merced,1428070,634492
Celeste,O'Connor,1972881,634492
Tahar,Rahim,81051,634492
Kerry,Bishé,58356,634492
Adam,Scott,36801,634492
Emma,Roberts,34847,634492
Mike,Epps,51944,634492
Zosia,Mamet,206966,634492
José,Yázpik,72128,634492
Kathy-Ann,Hart,1913987,634492
Josh,Drennen,1480514,634492
Yuma,Feldman,4535123,634492
Miranda,Adekoje,4535126,634492
Deirdre,McCourt,3085281,634492
Naheem,Garcia,1745909,634492
Jill,Hennessy,50877,634492
Rosemary,Crimp,4535125,634492
Brian,Faherty,1274540,634492
Shaun,Bedgood,3583397,634492
Mike,Bash,1535487,634492
Cilda,Shaur,1956122,634492
Jennifer,Ellis,2396826,634492
Kris,Sidberry,1863673,634492
Erica,Souza,1891940,634492
Rena,Maliszewski,1956550,634492
Michael,Malvesti,2029531,634492
Gopal,Lalwani,2437766,634492
Shawnna,Thibodeau,1554926,634492
Dominique,Washington,1754744,634492
DeWanda,Wise,206425,1125311
Taegen,Burns,1819796,1125311
Pyper,Braun,2984010,1125311
Betty,Buckley,52462,1125311
Tom,Payne,30319,1125311
Veronica,Falcón,1029593,1125311
Sam,Salary,2463872,1125311
Matthew,Sato,2394083,1125311
Alix,Angelis,965980,1125311
Wanetah,Walmsley,550117,1125311
Rhythm,Hurd,4628204,1125311
Shawn,Sanz,2242327,1125311
Noah,Martinez,2941955,1125311
Lilly,Sunshine,3697476,1125311
Cecilia,Leal,2270488,1125311
Eduardo,III,4033377,1125311
Dane,DiLiegro,3158773,1125311
Suzette,Lange,3314432,1125311
Aubree,Majors,4363897,1125311
Brooklyn,Majors,3986306,1125311
Isaiah,Evans,3986303,1125311
Conner,McCoy,4363899,1125311
Sean,Albertson,16490,1125311
Kumail,Nanjiani,466505,940551
Elizabeth,Banks,9281,940551
Caspar,Jennings,1736671,940551
Tresi,Gazal,4031156,940551
Awkwafina,,1625558,940551
Carol,Kane,10556,940551
Keegan-Michael,Key,298410,940551
Danny,DeVito,518,940551
David,Mitchell,139075,940551
Isabela,Merced,1428070,940551
Carlos,Alazraqui,59784,940551
Brock,Baker,1529387,940551
Gregg,Berger,19547,940551
Steve,Blum,571562,940551
Kimberly,Brooks,54427,940551
Rodger,Bumpass,70615,940551
Corey,Burton,35219,940551
Sean,Chiplock,2025381,940551
Amber,Connors,2447208,940551
Ian,Corlett,45924,940551
David,Cowgill,60232,940551
Robin,Downes,130081,940551
David,Jr.,1661268,940551
Bill,Farmer,84213,940551
Dave,Fennoy,170317,940551
Keith,Ferguson,143346,940551
Erin,Fitzgerald,188982,940551
Grant,George,1248445,940551
David,Kaye,1048574,940551
Danny,Mann,52699,940551
Zeno,Robinson,2135035,940551
Tara,Sands,111529,940551
Veronica,Taylor,67830,940551
Matthew,Wood,71536,940551
Phil,Burke,109512,873972
Ed,Morrone,1454355,873972
Ian,Ziering,19146,873972
Sanford,Worth,2100588,873972
Nicole,Craner,3237019,873972
Brandon,Thompson,2394994,873972
Eamon,Long,2000635,873972
Samantha,Kuester,1087249,873972
Brian,Cunningham,3140088,873972
Debbie,Phelps,3237020,873972
Michael,King,1977952,873972
Kris,Phillips,1133067,856289
Li,Xuejian,143358,856289
Huang,Bo,128026,856289
Yu,Shi,3193743,856289
Chen,Muchi,1612192,856289
Narana,Erdyneeva,4176028,856289
Xia,Yu,83634,856289
Yuan,Quan,1172609,856289
Chen,Kun,109809,856289
Ci,Sha,3167855,856289
Wu,Yafan,4176029,856289
Hou,Wenyuan,3655486,856289
Tim,Huang,1948455,856289
Li,Yunrui,2306608,856289
Xu,Huanshan,1195947,856289
Gao,Shuguang,1453151,856289
William,Feng,936431,856289
Wang,Luoyong,133957,856289
Yang,Lixin,1173941,856289
Ding,Yongdai,1194773,856289
Gao,Dongping,1377793,856289
Yang,Le,2018045,856289
Xu,Chong,232690,856289
Shan,Jingyao,3651111,856289
Wu,Hankun,2981775,856289
Bayalag,,3188891,856289
Willington,Liu,3299917,856289
Xu,Xiang,3970120,856289
Liu,Han,3836651,856289
Figo,Tsui,2626209,856289
Sun,Rui,2392812,856289
Geng,Yeting,3123528,856289
Jin,Zhihao,2512103,856289
Qu,Yuchao,2462145,856289
Huang,Tao,2950162,856289
Fan,Wendong,3831900,856289
Jiang,Baocheng,1298702,856289
Aren,,3626386,856289
Mi,Tiezeng,1377791,856289
Senggerenqin,,3873612,856289
Ma,Wenzhong,3289200,856289
Ning,Wentong,2728229,856289
Zhang,Jingwei,2997895,856289
Yang,Tianhao,3522592,856289
Li,Zeyu,2373584,856289
Xia,Chenxu,1562572,856289
Song,Ningfeng,1421221,856289
Yu,Ying,1061029,856289
Wu,Chao,576499,856289
Yang,Dapeng,2229783,856289
Zhao,Lei,2977010,856289
Zhang,Zhenxuan,3494741,856289
Song,Duyu,3833100,856289
Wen,Bo,3172945,856289
Tumenbayaer,,3235272,856289
Mu,Xiaobo,3360671,856289
Chun,Xiao,3310231,856289
Qilemug,,2100570,856289
Zhang,Xuehan,3217776,856289
Bo,Qian,1377794,856289
Bayaertu,,2548713,856289
Ha,Ha,3523959,856289
Wang,Feihu,1685838,856289
Xiao,Long,2795107,856289
Han,Pengyi,1191787,856289
Yan,Guanying,1667502,856289
Hao,Feng,2815940,856289
Wang,Qianglong,3288757,856289
Wu,Hsing-Guo,1136775,856289
Nashi,,4176055,856289
Liu,Chao,1857668,856289
Zhang,Yilong,1623185,856289
Sun,Huangchen,2727205,856289
Alijang,Kuerban,3244565,856289
Millie,Brown,1356210,763215
Ray,Winstone,5538,763215
Angela,Bassett,9780,763215
Brooke,Carter,2750967,763215
Nick,Robinson,1108907,763215
Robin,Wright,32,763215
Milo,Twomey,1753160,763215
Nicole,Joseph,3857260,763215
Patrice,Naiambana,74415,763215
Ulli,Ackermann,1562095,763215
Mens-Sana,Tamakloe,1795844,763215
Ezra,Khan,1698130,763215
Tasha,Lim,3112213,763215
Brogan,McFarlane,3857261,763215
Sonya,Nisa,3857258,763215
Esther,Odumade,3812007,763215
Margarita,Ren,4581531,763215
Eloise,Taylor,4581533,763215
Sofia,Shallai,4581539,763215
Matt,Slack,1820058,763215
Manon,Stieglitz,4581542,763215
Antonio,Craveiro,4581543,763215
Shohreh,Aghdashloo,21041,763215
Sam,Sharma,3719858,763215
Timothée,Chalamet,1190668,438631
Rebecca,Ferguson,933238,438631
Oscar,Isaac,25072,438631
Jason,Momoa,117642,438631
Josh,Brolin,16851,438631
Stellan,Skarsgård,1640,438631
Stephen,Henderson,196179,438631
Javier,Bardem,3810,438631
Sharon,Duncan-Brewster,195666,438631
Chang,Chen,1622,438631
Dave,Bautista,543530,438631
David,Dastmalchian,83854,438631
Zendaya,,505710,438631
Charlotte,Rampling,44079,438631
Babs,Olusanmokun,205923,438631
Benjamin,Clémentine,3185383,438631
Souad,Faress,261927,438631
Golda,Rosheuvel,1856875,438631
Roger,Yuan,2974,438631
Seun,Shote,2411333,438631
Neil,Bell,178629,438631
Oliver,Ryan,1638835,438631
Stephen,Collins,1929092,438631
Charlie,Rawes,1083177,438631
Richard,Carter,3275311,438631
Benjamin,Dilloway,1269682,438631
Elmi,Elmi,3063993,438631
Tachia,Newall,1466868,438631
Gloria,Obianyo,1982903,438631
Fehinti,Balogun,2160722,438631
Dora,Kápolnai-Schvab,3314410,438631
Joelle,,3314411,438631
Jimmy,Walker,2158768,438631
Paul,Bullion,1488465,438631
Milena,Sidorova,3314417,438631
János,Timkó,2059373,438631
Jean,Gilpin,59051,438631
Marianne,Faithfull,19995,438631
Ellen,Dubin,53934,438631
Ryu,Jun-yeol,1530733,601796
Kim,Woo-bin,1257671,601796
Kim,Tae-ri,1537768,601796
So,Ji-sub,932821,601796
Yum,Jung-ah,37939,601796
Jo,Woo-jin,1566012,601796
Kim,Eui-sung,1347175,601796
Lee,Ha-nee,1364528,601796
Shin,Jung-keun,578838,601796
Lee,Si-hoon,2478780,601796
Kim,Dae-myung,1330423,601796
Choi,Yu-ri,2151474,601796
Kim,Ki-cheon,1444366,601796
Yoon,Byung-hee,2663919,601796
Ji,Gun-woo,4484228,601796
Yoon,Kyung-ho,560081,601796
Ok,Ja-yeon,2133924,601796
Lee,Hyun-gul,3639306,601796
Kim,Hae-sook,93252,601796
Yoo,Jae-myung,1336804,601796
Jeon,Yeo-been,2067860,601796
Kim,Min-seo,1766435,601796
Lee,Seon-hee,2643772,601796
Baek,Hyun-joo,2238132,601796
Choi,Kwang-je,4030968,601796
Shim,Dal-gi,2270672,601796
Oh,Chae-eun,4058746,601796
Jang,Jun-whee,2648855,601796
Lee,Dong-yong,2159392,601796
Kim,Jung-han,3310076,601796
Kim,Chan-hyung,3575092,601796
Lee,Dong-hee,2352461,601796
Song,Ji-hyuk,4161319,601796
Sophie,McIntosh,2613589,1096197
Will,Attenborough,1461462,1096197
Jeremias,Amoore,3031970,1096197
Manuel,Pacific,2573915,1096197
Grace,Nettle,3952003,1096197
Phyllis,Logan,127164,1096197
Colm,Meaney,17782,1096197
James,Jordan,152707,1096197
David,Biscoe,1809488,1096197
David,Samartin,2743000,1096197
Scott,Coker,3024089,1096197
Lee,Byford,1956505,1096197
Nell,Free,1472584,437342
Ralph,Ineson,202032,437342
Sônia,Braga,27396,437342
Tawfeek,Barhom,1260004,437342
María,Caballero,2264673,437342
Charles,Dance,4391,437342
Bill,Nighy,2440,437342
Nicole,Sorace,4481145,437342
Ishtar,Wilson,2733504,437342
Andrea,Arcangeli,1790754,437342
Guido,Quaglione,3177854,437342
Dora,Romano,1510167,437342
Michelangelo,Dalisi,1871397,437342
Anton,Alexander,24624,437342
Mia,Zaini,2907095,437342
Eugenia,Delbue,3230319,437342
Charita,Cecamore,4616949,437342
Federica,Santoro,2024500,437342
Donatella,Bartoli,1882002,437342
Marial,Bajma-Riva,2746168,437342
Mario,Opinato,1105263,437342
Rachel,Hurd-Wood,129050,437342
Nicola,Garofalo,1112383,437342
Marcello,Paesano,4616950,437342
Giacomo,Dossi,4616951,437342
Sylvia,Panacione,1192145,437342
Daniela,Barra,4616952,437342
Alessandra,Fallucchi,2506173,437342
Milena,Božić,2925219,437342
Dobrila,Stojnic,1050838,437342
Alberto,Tierrez,3489903,437342
Ljiljana,Žunić,4616953,437342
Eva,Ras,110989,437342
Miodrag,Rakočević,1868636,437342
James,Swanton,2215526,437342
Andjelko,Pavlović,4616955,437342
Mina,Knežević,4616956,437342
Ema,Nastić,4616957,437342
Mateja,Nesovic,4616959,437342
Lana,Stanojević,4616960,437342
Borislav,Bogosavac,2629949,437342
Dejan,Dragosavac,2630002,437342
Darko,Corovic,3560266,437342
Strahinja,Despic,4616963,437342
Amy,Clayton,4616964,437342
Amalia,Strand,4616965,437342
Nigel,Dyson,4616966,437342
Alexander,Skarsgård,28846,399566
Rebecca,Hall,15556,399566
Kaylee,Hottle,2948491,399566
Brian,Henry,226366,399566
Millie,Brown,1356210,399566
Julian,Dennison,1139349,399566
Demián,Bichir,76961,399566
Eiza,González,1222992,399566
Shun,Oguri,46364,399566
Kyle,Chandler,3497,399566
Lance,Reddick,129101,399566
Hakeem,Kae-Kazim,2603,399566
Ronny,Chieng,1319469,399566
John,Pirruccello,1178193,399566
Chris,Chalk,172096,399566
Conlan,Casal,2545317,399566
Brad,McMurray,123540,399566
Benjamin,Rigby,1371541,399566
Nick,Turello,2272452,399566
Daniel,Nelson,2881089,399566
Priscilla,Doueihy,2102960,399566
Kei,Kudo,2958901,399566
Bradd,Buckley,1871679,399566
John,Walton,1265157,399566
Daniel,Tuiara,2612144,399566
David,Castillo,1696636,399566
Kofi,Yiadom,1298704,399566
Jim,Palmer,9568,399566
Drew,Walton,2958904,399566
Tara,Wraith,1692993,399566
Jason,Virgil,2027791,399566
Grisel,Toledo,2524631,399566
Jason,Szabo,2265521,399566
Jason,Speer,1486626,399566
Sen,Shao,2030686,399566
Scott,Schewe,1879911,399566
Charles,Sans,2965914,399566
Tasneem,Roc,1244248,399566
Jon,Quested,1840497,399566
Joel,Pierce,2269093,399566
Sofia,Nolan,2537658,399566
Shawn,McBride,1879895,399566
Victoria,Liu,1338706,399566
Sonny,Le,2267140,399566
Santi,Lawson,2969884,399566
Garreth,Hadfield,1840496,399566
Pevita,Pearce,1185538,624091
Reza,Rahadian,121996,624091
Christine,Hakim,142016,624091
Jefri,Nichol,1755712,624091
Dimas,Anggara,1259153,624091
Surya,Saputra,1028467,624091
Jenny,Zhang,1539399,624091
Ario,Bayu,235425,624091
Aqi,Singgih,2073023,624091
Randy,Pangalila,145887,624091
Faradina,Mufti,1989133,624091
Revaldo,,1599459,624091
Abdurrahman,Arif,1333674,624091
Fadly,Faisal,3694215,624091
Dian,Sastrowardoyo,121963,624091
Maudy,Koesnaedi,1259259,624091
Najwa,Shihab,2414428,624091
Chicco,Jerikho,1333672,624091
Aimee,Juliet,1934251,624091
Fatimah,Azzahra,1960303,624091
Unique,Priscilla,1259193,624091
Mareike,Brenda,2737550,624091
Widya,Rahayu,2002879,624091
Canti,Tachril,2515554,624091
Jourdy,Pranata,2419617,624091
Messi,Gusti,2304050,624091
Quentin,Stanislavski,3979487,624091
Kaisar,Bintang,4447465,624091
Yukio,Ahcmad,3290992,624091
M.,Khalif,2371451,624091
Sita,Nursanti,1308187,624091
Mian,Tiara,1524281,624091
Abimana,Aryasatya,1203378,624091
Aldo,Sapulette,2077541,624091
Ina,Rosalien,4447469,624091
Putra,Dinata,2411964,624091
Alfan,,4447470,624091
Khaila,,4447471,624091
Diky,Rahman,3498550,624091
Indra,Brasco,2367274,624091
Rizky,Kamaro,4447472,624091
Putri,,3516541,624091
Ken,Zuraida,2057247,624091
Noel,Kefas,2017057,624091
Bedi,,4447474,624091
Yudowati,Ambiyana,4447475,624091
Syamsul,,4447476,624091
Bernard,,4409373,624091
Sarafah,,4447477,624091
Yoga,,3186288,624091
Iwan,Surya,3283647,624091
Surip,Handayani,4447479,624091
Kadar,Soemarsono,4447481,624091
Mulyani,,4447482,624091
Nunung,Rustyowati,4447484,624091
Handoko,Himawan,4447485,624091
Kartini,,4417177,624091
Lami,,4447487,624091
Putut,Susanto,4447488,624091
Warsono,,3313206,624091
Yuyun,Arfah,3845174,624091
Aisyah,,4447491,624091
Rudy,Gunawan,3326292,624091
Mardiyono,Sulaiman,4184456,624091
Adi,Manalu,4447492,624091
Reinhard,Sitompul,4447493,624091
Anton,Qubro,4447494,624091
Johan,Sabastian,1868006,624091
Inandya,Citra,4447495,624091
Faisal,Rachman,4447496,624091
Nabilla,Putri,4447497,624091
Donfri,Tollo,4447500,624091
Bobby,Witomo,4447501,624091
Novi,Hidayat,2781195,624091
Anom,Perkasa,2275860,624091
Erick,,4447506,624091
Rama,,3112586,624091
Hekmadiah,,4447508,624091
Oktavian,,4355662,624091
Ahmad,Bahari,4447509,624091
Denny,Pangestu,4447510,624091
Fajri,,4325183,624091
Jalak,,4414104,624091
Joko,,4447512,624091
Madi,,4447513,624091
Kimong,,2462497,624091
Boim,Setiaji,3271961,624091
Safar,,4447514,624091
Wawi,Sobari,4062647,624091
Zikho,Kiat,4021528,624091
Alvin,,2415669,624091
Adan,,4447523,624091
Setiarno,Tole,4447524,624091
Erik,Rukmana,4021448,624091
Asta,Nurcahya,2742130,624091
Melkias,Torobi,2538621,624091
Evand,Panjul,3296735,624091
Robi,Akbari,4447526,624091
Faris,Bob,4447527,624091
Ajat,Sudrajat,2745168,624091
Danang,,4447528,624091
Andri,Munik,4447529,624091
Ryan,Polem,4447530,624091
Luceng,,4447531,624091
Zico,,4447532,624091
Plenthonk,,4447533,624091
Zidan,,4447534,624091
Bram,,3661975,624091
Nando,,4447535,624091
Isman,Kurniawan,3260234,624091
Topik,Sava,2694806,624091
Eka,Bule,2215964,624091
Randy,Wiratama,4447517,624091
Bryce,Howard,18997,848538
Sam,Rockwell,6807,848538
Bryan,Cranston,17419,848538
Catherine,O'Hara,11514,848538
Henry,Cavill,73968,848538
Ariana,DeBose,1437491,848538
John,Cena,56446,848538
Dua,Lipa,1959397,848538
Samuel,Jackson,2231,848538
Sofia,Boutella,568657,848538
Richard,Grant,20766,848538
Stanley,Morgan,1779664,848538
Daniel,Singh,2476299,848538
Jason,Fuchs,131947,848538
Tomás,Paredes,2963838,848538
Bobby,Hanton,1381548,848538
Greg,Townley,237162,848538
Alaa,Habib,2430491,848538
Clementine,Vaughn,4514497,848538
Raagni,Sharma,4514498,848538
Jing,Lusi,564035,848538
Kandy,Rohmann,3782978,848538
Fiona,Marr,3253744,848538
Diljohn,Singh,2726647,848538
Emmett,Scanlan,1111204,848538
Joyce,Kaminski,4514500,848538
Mark,Bernard,4514503,848538
Tomiwa,Edun,1576541,848538
Rob,Delaney,1091324,848538
Annabella,King,4514505,848538
Liam,Fernandez,2928090,848538
Andrew,Barrett,4514506,848538
Ali,Ariaie,3431803,848538
Abe,Jarman,3272771,848538
Sam,Vincenti,1184849,848538
David,Bedella,146140,848538
Anthony,Kaye,2036955,848538
Amra,Mallassi,1363060,848538
Louis,Partridge,1558986,848538
Ben,Daniels,27632,848538
Tim,Robbins,504,278
Morgan,Freeman,192,278
Bob,Gunton,4029,278
William,Sadler,6573,278
Clancy,Brown,6574,278
Gil,Bellows,6575,278
James,Whitmore,6577,278
Mark,Rolston,6576,278
Jeffrey,DeMunn,12645,278
Larry,Brandenburg,92119,278
Neil,Giuntoli,168323,278
Brian,Libby,6580,278
David,Proval,2555,278
Joseph,Ragno,5063,278
Jude,Ciccolella,8693,278
Paul,McCrane,32393,278
Renee,Blaine,6578,278
Scott,Mann,1624179,278
John,Horton,163979,278
Gordon,Greene,194459,278
Alfonso,Freeman,52603,278
V.J.,Foster,122596,278
John,Summers,2772979,278
Frank,Medrano,1216752,278
Mack,Miles,139992,278
Alan,Kessler,2772983,278
Morgan,Lund,1853997,278
Cornell,Wallace,2772985,278
Gary,Davis,32656,278
Neil,Summers,179188,278
Ned,Bellamy,2141,278
Joe,Pecoraro,2772989,278
Harold,Jr.,2772990,278
Brian,Delate,6579,278
Don,McManus,79025,278
Donald,Zinn,2574896,278
Dorothy,Silver,1422439,278
Robert,Haley,123302,278
Dana,Snyder,2772991,278
John,Craig,2294531,278
Ken,Magee,1537819,278
Eugene,DePasquale,2772995,278
Bill,Bolender,105649,278
Ron,Newell,2779347,278
John,Woodward,1123794,278
Chuck,Brauchler,2774986,278
Dion,Anderson,91420,278
Claire,Slemmer,2231406,278
James,Kisicki,1634770,278
Rohn,Thomas,27690,278
Charlie,Kearns,2774993,278
Rob,Reider,2774995,278
Brian,Brophy,48587,278
Paul,Kennedy,2775011,278
James,Babson,25659,278
Dennis,Baker,1771867,278
Fred,Culbertson,1185588,278
Alonzo,Jones,92647,278
Sergio,Kato,1337623,278
Gary,Jones,1636797,278
Marlon,Brando,3084,238
Al,Pacino,1158,238
James,Caan,3085,238
Robert,Duvall,3087,238
Richard,Castellano,3086,238
Diane,Keaton,3092,238
Talia,Shire,3094,238
Gianni,Russo,3095,238
Sterling,Hayden,3088,238
John,Marley,3142,238
Richard,Conte,3090,238
Al,Lettieri,3091,238
Abe,Vigoda,3093,238
John,Cazale,3096,238
Rudy,Bond,3143,238
Al,Martino,3144,238
Morgana,King,933716,238
Lenny,Montana,106811,238
John,Martino,99724,238
Salvatore,Corsitto,1195877,238
Richard,Bright,3174,238
Alex,Rocco,20752,238
Tony,Giorgio,3414,238
Vito,Scotti,82779,238
Tere,Livrano,982089,238
Victor,Rendina,3413,238
Jeannie,Linero,167363,238
Julie,Gregg,160728,238
Ardell,Sheridan,4111331,238
Simonetta,Stefanelli,3145,238
Angelo,Infanti,27647,238
Corrado,Gaipa,24604,238
Franco,Citti,44860,238
Saro,Urzì,119431,238
Roman,Coppola,38803,238
Sofia,Coppola,1769,238
Don,Costello,1209294,238
Italia,Coppola,126072,238
Gray,Frederickson,2870,238
Ron,Gilbert,160621,238
Sonny,Grosso,1233541,238
Louis,Guss,20973,238
Randy,Jurgensen,1068099,238
Tony,King,55672,238
Tony,Lip,61241,238
Joe,Grippo,1503036,238
Lou,Jr.,106187,238
Raymond,Martino,100503,238
Joseph,Medaglia,1503035,238
Carol,Morley,2313192,238
Rick,Petrucelli,1290895,238
Sal,Richards,1237372,238
Tom,Rosqui,1213795,238
Frank,Sivero,11480,238
Filomena,Spagnuolo,1209678,238
Joe,Spinell,16525,238
Gabriele,Torrei,138211,238
Nick,Vallelonga,78336,238
Conrad,Yama,1234848,238
Al,Pacino,1158,240
Robert,Duvall,3087,240
Diane,Keaton,3092,240
Robert,Niro,380,240
John,Cazale,3096,240
Talia,Shire,3094,240
Lee,Strasberg,3171,240
Michael,Gazzo,3172,240
G.,Spradlin,3173,240
Richard,Bright,3174,240
Gastone,Moschin,3281,240
Tom,Rosqui,1213795,240
Bruno,Kirby,9257,240
Frank,Sivero,11480,240
Francesca,Sapio,3279,240
Morgana,King,933716,240
Marianna,Hill,15659,240
Leopoldo,Trieste,14151,240
Dominic,Chianese,68186,240
Amerigo,Tot,99788,240
Troy,Donahue,45363,240
John,Aprea,104504,240
Joe,Spinell,16525,240
Abe,Vigoda,3093,240
Tere,Livrano,982089,240
Gianni,Russo,3095,240
Maria,Carta,24697,240
Oreste,Baldini,3280,240
Giuseppe,Sillato,3333,240
Mario,Cotone,1343811,240
James,Gounaris,1503033,240
Fay,Spain,116739,240
Harry,Stanton,5048,240
David,Baker,3353549,240
Carmine,Caridi,133853,240
Danny,Aiello,1004,240
Carmine,Foresta,14553,240
Nick,Discenza,1503034,240
Joseph,Medaglia,1503035,240
William,Bowers,69948,240
Joseph,Sorte,1581646,240
Carmen,Argenziano,28413,240
Joe,Grippo,1503036,240
Ezio,Flagello,1503037,240
Livio,Giorgi,1503038,240
Kathleen,Beller,76064,240
Saveria,Mazzola,1503039,240
Tito,Alba,1503040,240
Johnny,Naranjo,1503041,240
Elda,Maida,1503042,240
Salvatore,Po,1503043,240
Ignazio,Pappalardo,1503044,240
Andrea,Maugeri,1503045,240
Peter,LaCorte,1503046,240
Vincent,Coppola,1503047,240
Peter,Donat,14849,240
Tom,Dahlgren,1212995,240
Paul,Brown,3353640,240
Phil,Feldman,7768,240
Roger,Corman,102429,240
Ivonne,Coll,46929,240
Joe,Nicola,1205819,240
Edward,Sickle,1503048,240
Gabriella,Belloni,1503049,240
Richard,Watson,3353641,240
Venancia,Grangerard,1503050,240
Erica,Yohn,40349,240
Teresa,Tirelli,2495753,240
James,Caan,3085,240
Italia,Coppola,126072,240
Roman,Coppola,38803,240
Sofia,Coppola,1769,240
Victor,Faneyte,1403118,240
Julie,Gregg,160728,240
Larry,Guardino,1494522,240
Buck,Houghton,47756,240
Sho,Kosugi,99846,240
Gary,Kurtz,12401,240
Richard,Matheson,12415,240
John,Megna,8490,240
Jay,Rasumny,160627,240
Filomena,Spagnuolo,1209678,240
Julian,Voloshin,59364,240
Liam,Neeson,3896,424
Ben,Kingsley,2282,424
Ralph,Fiennes,5469,424
Caroline,Goodall,6692,424
Jonathan,Sagall,6693,424
Embeth,Davidtz,6368,424
Malgorzata,Gebel,6694,424
Shmuel,Levy,6695,424
Mark,Ivanir,6696,424
Béatrice,Macola,6697,424
Andrzej,Seweryn,2829,424
Friedrich,Thun,6698,424
Krzysztof,Luft,6699,424
Harry,Nehring,6700,424
Norbert,Weisser,6701,424
Adi,Nitzan,6702,424
Michael,Schneider,1115699,424
Miri,Fabian,6704,424
Anna,Mucha,6705,424
Albert,Misak,6706,424
Michael,Gordon,1592167,424
Aldona,Grochal,6708,424
Jacek,Wójcicki,6709,424
Beata,Paluch,6710,424
Piotr,Polk,6711,424
Ezra,Dagan,6712,424
Beata,Deskur,1950661,424
Rami,Heuberger,86359,424
Leopold,Kozłowski,1611171,424
Jerzy,Nowak,7119,424
Uri,Avrahami,1317875,424
Adam,Siemion,136655,424
Magdalena,Dandourian,1950665,424
Paweł,Deląg,107637,424
Shabtai,Konorti,1950725,424
Oliwia,Dabrowska,1950731,424
Henryk,Bista,1068465,424
Tadeusz,Bradecki,544038,424
Wojciech,Klata,1211521,424
Elina,Löwensohn,17257,424
Ewa,Kolasińska-Szramel,1138248,424
Bettina,Kupfer,294079,424
Grzegorz,Kwas,1708199,424
Vili,Matula,1015378,424
Stanislaw,Koczanowicz,1950740,424
Hans-Jörg,Assmann,43350,424
Geno,Lechner,575906,424
August,Schmölzer,45694,424
Ludger,Pistor,1088,424
Beata,Rybotycka,1950744,424
Branko,Lustig,930,424
Artus-Maria,Matthiessen,1303981,424
Hans-Michael,Rehberg,35263,424
Eugeniusz,Priwieziencew,37354,424
Michael,Hoffmann,1587013,424
Erwin,Leder,3970,424
Jochen,Nickel,4936,424
Andrzej,Welminski,1950757,424
Daniel,Del-Ponte,1950758,424
Marian,Glinka,1138906,424
Grzegorz,Damięcki,1065359,424
Stanisław,Brejdygant,1151168,424
Olaf,Lubaszenko,107571,424
Haymon,Buttinger,3738,424
Peter,Appiano,134477,424
Jacek,Pulanecki,1950761,424
Tomasz,Dedek,1138295,424
Sławomir,Holland,1678870,424
Martin,Semmelrogge,4924,424
Tadeusz,Huk,1083400,424
Alexander,Held,21743,424
Piotr,Cyrwus,1041803,424
Joachim,Assböck,51651,424
Osman,Ragheb,150797,424
Maciej,Orłoś,1138273,424
Marek,Wrona,1950765,424
Zbigniew,Kozłowski,1950766,424
Marcin,Grzymowicz,1950767,424
Dieter,Witting,1540798,424
Magdalena,Komornicka,1448565,424
Agnieszka,Krukówna,572358,424
Anemona,Knut,1950769,424
Jeremy,Flynn,2981772,424
Agnieszka,Wagner,131237,424
Jan,Jurewicz,1139843,424
Wiesław,Komasa,1140804,424
Maciej,Kozłowski,107634,424
Martin,Bergmann,70509,424
Wilhelm,Manske,1366124,424
Peter,Flechtner,1907883,424
Sigurd,Bemme,1950771,424
Etl,Szyc,1880661,424
Lucyna,Zabawa,1950772,424
Ruth,Farhi,1201212,424
Jerzy,Sagan,1495473,424
Dariusz,Szymaniak,1950773,424
Dirk,Bender,1950774,424
Maciej,Winkler,1881651,424
Radosław,Krzyżowski,1913580,424
Jacek,Link-Lenczowski,1950775,424
Hanna,Kossowska,1950777,424
Maja,Ostaszewska,82312,424
Sebastian,Skalski,1950780,424
Ryszard,Radwański,1176618,424
Piotr,Kadlcik,1950783,424
Lech,Niebielski,1950785,424
Thomas,Morris,40224,424
Sebastian,Konrad,1140840,424
Lidia,Wyrobiec-Bank,1950787,424
Ravit,Ferera,1950788,424
Agnieszka,Korzeniowska,1950789,424
Dominika,Bednarczyk,1703732,424
Alicja,Kubaszewska,1950790,424
Danny,Marcu,1950791,424
Hans,Rosner,1950792,424
Edward,Linde-Lubaszenko,588931,424
Alexander,Strobele,134469,424
Georges,Kern,238212,424
Alexander,Buczolich,1950793,424
Michael,Schiller,567802,424
Götz,Otto,10744,424
Wolfgang,Seidenberg,1287142,424
Hubert,Kramar,1072887,424
Razia,Israeli,1164910,424
Dorit,Seadia,1950794,424
Esti,Yerushalmi,1449875,424
Marta,Bizoń,1271855,424
Maciej,Kowalewski,1062688,424
Zuzanna,Lipiec,1950799,424
Maria,Peszek,563592,424
Leopold,Pfefferberg,1950800,424
Leopold,Rosner,1950801,424
Emilie,Schindler,1950802,424
Katarzyna,Śmiechowicz,645243,424
Martin,Balsam,1936,389
John,Fiedler,5247,389
Lee,Cobb,5248,389
E.G.,Marshall,5249,389
Jack,Klugman,5250,389
Edward,Binns,2651,389
Jack,Warden,5251,389
Henry,Fonda,4958,389
Joseph,Sweeney,5252,389
Ed,Begley,39816,389
George,Voskovec,5254,389
Robert,Webber,5255,389
Rudy,Bond,3143,389
Tom,Gorman,2498394,389
James,Kelly,1437464,389
Billy,Nelson,5257,389
John,Savoca,5258,389
Walter,Stocker,153394,389
Rumi,Hiiragi,19587,129
Miyu,Irino,19588,129
Mari,Natsuki,19589,129
Takashi,Naito,19590,129
Yasuko,Sawaguchi,19591,129
Tsunehiko,Kamijô,20334,129
Takehiko,Ono,544088,129
Bunta,Sugawara,119243,129
Akio,Nakamura,554612,129
Yumi,Tamai,19594,129
Ryunosuke,Kamiki,225730,129
Tatsuya,Gashûin,19592,129
Yo,Oizumi,40450,129
Ken,Yasuda,1039220,129
Koba,Hayashi,554423,129
Shigeru,Wakita,1530058,129
Shirô,Saitô,1243817,129
Michiko,Yamamoto,1608518,129
Keiko,Tsukamoto,2844828,129
Shinji,Tokumaru,2856717,129
Kaori,Yamagata,554367,129
Yayoi,Kazuki,2023580,129
Masahiro,Asano,2856718,129
Kazutaka,Hayashida,2856719,129
Ikuko,Yamamoto,2856720,129
Mina,Meguro,2856721,129
Tetsurô,Ishibashi,2856722,129
Katsutomo,Shîbara,2856723,129
Shinobu,Katabuchi,2856724,129
Noriko,Kitou,1241949,129
Naoto,Kaji,2856725,129
Yoshitaka,Sukegawa,2856726,129
Aki,Tachikawa,2856727,129
Noriko,Yamaya,2856728,129
Katsuhisa,Matsuo,2856729,129
Masayuki,Kizu,1921932,129
Yôko,Ôno,2856730,129
Sachie,Azuma,2856731,129
Shigeyuki,Totsugi,1251804,129
Mayumi,Saco,2463593,129
Sonoko,Soeda,2856733,129
Akiko,Tomihira,2856734,129
Minako,Masuda,2856735,129
Orika,Ono,2856736,129
Rina,Yamada,2856737,129
Miwa,Takachi,2856738,129
Hiromi,Takeuchi,1887860,129
Makiko,Oku,2856739,129
Kajol,,55061,19404
Shah,Khan,35742,19404
Amrish,Puri,691,19404
Farida,Jalal,146971,19404
Anupam,Kher,6217,19404
Pooja,Ruparel,146973,19404
Parmeet,Sethi,85696,19404
Satish,Shah,35759,19404
Mandira,Bedi,146974,19404
Achala,Sachdev,146972,19404
Himani,Shivpuri,78248,19404
Karan,Johar,35736,19404
Arjun,Sablok,631226,19404
Anaita,Adajania,102252,19404
Uday,Chopra,69709,19404
Hemlata,Deepak,1661299,19404
Lalit,Tiwari,1427907,19404
Baby,Raashi,1661291,19404
Baby,Nupur,1661293,19404
Shanker,Iyer,1661294,19404
Rajesh,Bhatija,2400262,19404
Govind,Khatri,1661296,19404
Mansoor,Merchant,1661297,19404
Mohit,Kumar,1661298,19404
Damyanti,Puri,1661300,19404
Surendra,Rahi,2400263,19404
Christian,Bale,3894,155
Heath,Ledger,1810,155
Michael,Caine,3895,155
Gary,Oldman,64,155
Aaron,Eckhart,6383,155
Maggie,Gyllenhaal,1579,155
Morgan,Freeman,192,155
Nestor,Carbonell,21316,155
Monique,Curnen,53651,155
Ron,Dean,57597,155
Chin,Han,101015,155
Eric,Roberts,21315,155
Ritchie,Coster,13939,155
Anthony,Hall,1904,155
Keith,Szarabajka,87957,155
Joshua,Harto,34544,155
Melinda,McGraw,58692,155
Nathan,Gamble,18052,155
Michael,White,64856,155
Colin,McFarlane,128386,155
Nydia,Terracina,1522073,155
Tommy,Jr.,8396,155
William,Fichtner,886,155
Cillian,Murphy,2037,155
Patrick,Leahy,853194,155
Matt,Skiba,1024279,155
David,Dastmalchian,83854,155
Michael,Vieau,1052875,155
Michael,Stoyanov,1196130,155
William,Smillie,1334139,155
Danny,Goldring,16477,155
Matthew,O'Neill,1208967,155
Olumiji,Olawumi,1056090,155
Greg,Beam,1870607,155
Erik,Hellman,1870608,155
Beatrice,Rosen,101014,155
Vincenzo,Nicoli,24595,155
Edison,Chen,20372,155
Andy,Luther,1870609,155
James,Farruggio,1870610,155
Tom,McElroy,1840452,155
Will,Zahrn,1226696,155
James,Fierro,1870611,155
Sam,Derence,1526574,155
Jennifer,Knox,1870612,155
Patrick,Clear,1424043,155
Sarah,Dunn,1220201,155
Charles,Venn,147895,155
Winston,Ellis,1195758,155
Sophia,Hinshelwood,1870613,155
Keith,Kupferer,1313093,155
Joseph,Caballero,1678566,155
Richard,Dillane,176227,155
Daryl,Satcher,1870614,155
Chris,Petschler,1870615,155
Aidan,Feore,1870616,155
Philip,Bulcock,1128854,155
Paul,Birchard,29617,155
Walter,Lewis,1781739,155
Vincent,Riotta,26669,155
Nancy,Crane,1631707,155
K.,Freeman,143328,155
Matt,Shallenberger,1464854,155
Michael,Gorman,1870623,155
Lanny,Lutz,1870620,155
Peter,DeFaria,1624910,155
Matt,Rippy,78047,155
Andrew,Bicknell,47525,155
Ariyon,Bakare,1238461,155
Doug,Ballard,1232399,155
Helene,Maksoud,1661772,155
Tommy,Campbell,122345,155
Craig,Heaney,1215332,155
Lorna,Gayle,209990,155
Lisa,McAllister,139946,155
Peter,Brooke,1070855,155
Joshua,Rollins,1674439,155
Dale,Rivera,1870625,155
Matthew,Leitch,141770,155
Thomas,Gaitsch,1394354,155
William,Armstrong,29616,155
Adam,Kalesperis,1870627,155
Tristan,Tait,170230,155
Bronson,Webb,75076,155
David,Ajala,971049,155
Gertrude,Kyles,1870629,155
Jonathan,Ryland,119414,155
James,Scales,1870631,155
Nigel,Carrington,1655526,155
Ian,Pirie,95716,155
Lateef,Lovejoy,1122545,155
Grahame,Edwards,578699,155
Roger,Monk,126316,155
Ronan,Summers,1132153,155
Wai,Wong,1599260,155
Michael,Foster,1870636,155
Hannah,Gunn,1870637,155
Jon,Brody,1161711,155
Debbi,Burns,580566,155
Maritza,Cabrera,1128275,155
Shirin,Caiola,1185594,155
Laura,Chernicky,1197335,155
Henry,Chu,1552999,155
Kelli,Clevenger,1192165,155
Richard,Divizio,1131169,155
Tony,Domino,580567,155
David,Fultz,228305,155
Natalie,Hallam,1392731,155
Jordon,Hodges,593182,155
Erron,Jay,1086373,155
Nicky,Katt,18070,155
Thomas,Kosik,580560,155
Don,Kress,505400,155
Tim,Krueger,1058964,155
Dan,Latham,1261397,155
Tom,McComas,1551776,155
James,Mellor,1111803,155
Joseph,Oliveira,1360008,155
Buster,Reeves,1426334,155
Peter,Rnic,30450,155
Amit,Shah,1209046,155
Michelle,Shields,1058963,155
Sofiya,Smirnova,98994,155
Bruce,Spielbauer,1108073,155
Robert,Stern,1185600,155
Robert,Stone,1209051,155
Richard,Strobel,99223,155
Tom,Townsend,79810,155
John,Turk,204276,155
John,Warman,1209055,155
Chris,Wilson,127005,155
Kevin,Zaideman,1380656,155
Rob,Clark,2822410,155
Brandon,Lambdin,1870638,155
Craig,Braginsky,1797178,155
Mike,Whyte,4206372,155
Tina,Simmons,4145637,155
Rick,Avery,81687,155
Song,Kang-ho,20738,496243
Lee,Sun-kyun,115290,496243
Cho,Yeo-jeong,556435,496243
Choi,Woo-shik,1255881,496243
Park,So-dam,1442583,496243
Lee,Jung-eun,1572354,496243
Jang,Hye-jin,2158882,496243
Park,Myung-hoon,1694435,496243
Jung,Ji-so,1418762,496243
Jung,Hyeon-jun,2306987,496243
Park,Keun-rok,1709230,496243
Jung,Yi-seo,2326809,496243
Cho,Jae-myung,2478772,496243
Jeong,Ik-han,2326615,496243
Kim,Kyu-baek,2478781,496243
Ahn,Seong-bong,2379047,496243
Yoon,Young-woo,2499966,496243
Park,Jae-wook,1419705,496243
Lee,Dong-yong,2159392,496243
Jeon,Eun-mi,2538209,496243
Kim,Geon,2114604,496243
Lee,Joo-hyung,1537955,496243
Lee,Ji-hye,2320125,496243
Kim,Bo-ryeong,1895563,496243
Park,Hye-sook,2479225,496243
Baek,Seung-hwan,2479219,496243
Riccardo,Ferraresso,2478778,496243
Ko,Kwan-jae,2478782,496243
Lee,Si-hoon,2478780,496243
Seo,Bok-hyeon,2478774,496243
Shim,Soo-mi,2478775,496243
Yoon,Hye-ree,2141187,496243
Andreas,Fronk,1835700,496243
Anna,Rihlmann,2320126,496243
Rosie,Peralta,2478779,496243
Shin,Seung-min,2478777,496243
Park,Seo-jun,1347525,496243
Kwak,Sin-ae,2187912,496243
Choi,Jeong-hyun,3216779,496243
Kim,Ha-eon,3043898,496243
Lee,Eun-hee,3741093,496243
Choi,Ji-won,3741094,496243
Park,Jae-wan,3039982,496243
Hwang,In-gyeong,3741096,496243
Kim,Yeong-jo,3216778,496243
Kim,Jung-woo,4062478,496243
Lee,Sang-kyung,3979545,496243
Lee,Si-hoo,2648013,496243
Ahn,Jin-sang,4187905,496243
Joost,Klein,4324840,496243
Tom,Hanks,31,497
Michael,Duncan,61981,497
David,Morse,52,497
Bonnie,Hunt,5149,497
Michael,Jeter,2169,497
Doug,Hutchison,6806,497
Sam,Rockwell,6807,497
James,Cromwell,2505,497
Barry,Pepper,12834,497
Graham,Greene,6804,497
Jeffrey,DeMunn,12645,497
Patricia,Clarkson,1276,497
Harry,Stanton,5048,497
Dabbs,Greer,6805,497
Eve,Brent,128201,497
William,Sadler,6573,497
Mack,Miles,139992,497
Rai,Tasco,1502939,497
Paula,Malcomson,47533,497
Christopher,Ives,2765391,497
Evanne,Drucker,2765393,497
Bailey,Drucker,2765394,497
Brian,Libby,6580,497
Brent,Briscoe,15011,497
Bill,McKinney,16555,497
Gary,Sinise,33,497
Rachel,Singer,7473,497
Scotty,Leavenworth,20093,497
Bill,Gratton,156052,497
Dee,Croxton,1371842,497
Rebecca,Klingler,944614,497
Gary,Imhoff,148116,497
Van,Epperson,158782,497
David,Browning,2765407,497
Tommy,Barnes,1609082,497
Wes,Hall,2406144,497
Phil,Hawn,94561,497
Judy,Herrera,102314,497
Ted,Hollis,74519,497
Gower,Mills,2747590,497
Garth,Shaw,1609086,497
Jared,Stovall,1742176,497
Todd,Thompson,1808962,497
Spunk,,2574294,497
Ryunosuke,Kamiki,225730,372058
Mone,Kamishiraishi,1369100,372058
Ryo,Narita,1668610,372058
Aoi,Yuki,936275,372058
Nobunaga,Shimazaki,1210634,372058
Kaito,Ishikawa,1324666,372058
Kanon,Tani,1344919,372058
Masaki,Terasoma,219659,372058
Sayaka,Ohara,148447,372058
Kazuhiko,Inoue,89968,372058
Chafurin,,87583,372058
Yuka,Kato,3351486,372058
Kana,Hanazawa,119143,372058
Masami,Nagasawa,87637,372058
Etsuko,Ichihara,91288,372058
Yuka,Terasaki,1247771,372058
Takashi,Onozuka,83935,372058
Yohei,Namekawa,2013665,372058
Miyuu,Tsuji,1435904,372058
Shinya,Hamazoe,1257137,372058
Kanami,Satou,1357106,372058
Shinjirou,Gouda,2995659,372058
Yasuhiro,Kikuchi,2603964,372058
Tamari,Hinata,2995660,372058
Nozomi,Yamane,1972879,372058
Yuuki,Shin,2603957,372058
Tatsuya,Murakami,2877279,372058
Nodoka,Hasegawa,2862466,372058
Baron,Yamazaki,1845278,372058
Mimi,Tamaki,4591796,372058
Suguru,Inoue,1256918,372058
Ryoko,Usami,2995661,372058
Miho,Morisaki,2995662,372058
Tsuyoshi,Minamijima,2995663,372058
Aika,Oomae,2915644,372058
Tomohiro,Yamaguchi,1691564,372058
Takayuki,Nakatsukasa,1619867,372058
Hiroki,Matsukawa,2043195,372058
Shouko,Negoro,2995664,372058
Yuki,Ominami,2463606,372058
Manami,Hanawa,1967470,372058
Miho,Tabata,2995665,372058
Aiko,Matsuzaka,4591813,372058
Eriko,Tomioka,2192202,372058
Eiji,Yamamoto,1829187,372058
Tomoki,Lavernhe,4093283,372058
Haruna,Okawa,2416938,372058
Yuine,Ikeda,4093230,372058
Dan,Kanemitsu,1513242,372058
C.,Wong,4591753,372058
Simona,Pini,4591767,372058
Chris,McKenna,4591751,372058
Akira,Kuwahara,1895790,372058
Yusuke,Takeda,1895791,372058
John,Travolta,8891,680
Samuel,Jackson,2231,680
Uma,Thurman,139,680
Bruce,Willis,62,680
Ving,Rhames,10182,680
Harvey,Keitel,1037,680
Eric,Stoltz,7036,680
Tim,Roth,3129,680
Amanda,Plummer,99,680
Maria,Medeiros,2319,680
Quentin,Tarantino,138,680
Christopher,Walken,4690,680
Rosanna,Arquette,2165,680
Peter,Greene,11803,680
Duane,Whitaker,11804,680
Angela,Jones,71836,680
Phil,LaMarr,31549,680
Steve,Buscemi,884,680
Bronagh,Gallagher,33399,680
Laura,Lovelace,11807,680
Frank,Whaley,11805,680
Burr,Steers,58552,680
Paul,Calderon,3137,680
Jerome,Hoban,1174004,680
Michael,Gilden,1224317,680
Gary,Shorelle,1174007,680
Susan,Griffiths,1174000,680
Eric,Clark,1174001,680
Joseph,Pilato,54855,680
Brad,Blumenthal,1174008,680
Lorelei,Leslie,1099751,680
Emil,Sitka,107023,680
Brenda,Hillhouse,11162,680
Chandler,Lindauer,1174002,680
Sy,Sher,1174006,680
Robert,Ruth,1173999,680
Rich,Turner,46346,680
Don,Blakely,90337,680
Carl,Allen,1174005,680
Karen,Maruyama,157865,680
Kathy,Griffin,3138,680
Venessia,Valentino,1174009,680
Linda,Kaye,65907,680
Stephen,Hibbert,1173998,680
Alexis,Arquette,19578,680
Julia,Sweeney,11806,680
Lawrence,Bender,2545,680
Cie,Allman,1274295,680
Rene,Beard,1177915,680
Lori,Pizzo,1274296,680
Glendon,Rich,1274297,680
Devan,Richardson,1274298,680
Ani,Sava,1274299,680
Richard,Rossi,1459067,680
Elijah,Wood,109,122
Sean,Astin,1328,122
Viggo,Mortensen,110,122
Ian,McKellen,1327,122
Andy,Serkis,1333,122
Dominic,Monaghan,1330,122
Billy,Boyd,1329,122
John,Noble,1381,122
David,Wenham,1371,122
Miranda,Otto,502,122
John,Rhys-Davies,655,122
Orlando,Bloom,114,122
Bernard,Hill,1369,122
Karl,Urban,1372,122
Lawrence,Makoare,1365,122
Liv,Tyler,882,122
Hugo,Weaving,1331,122
Cate,Blanchett,112,122
Ian,Holm,65,122
Sean,Bean,48,122
Marton,Csokas,20982,122
Paul,Norell,1382,122
Noel,Appleby,585902,122
Ali,Astin,1739002,122
David,Aston,9383,122
John,Bach,29094,122
Sadwyn,Brophy,1668317,122
Alistair,Browning,186469,122
Richard,Edge,2089079,122
Jason,Fitch,1186354,122
Bruce,Hopkins,1214345,122
Ian,Hughes,75256,122
Bret,McKenzie,105584,122
Sarah,McLeod,965278,122
Maisy,McLeod-Riera,1440015,122
Bruce,Phillips,29082,122
Shane,Rangi,25134,122
Todd,Rippon,1336161,122
Thomas,Robins,1383,122
Harry,Sinclair,122441,122
Peter,Tait,186448,122
Joel,Tobeck,41785,122
Stephen,Ure,1440014,122
Sala,Baker,1366,122
Robert,Pollock,129394,122
Ross,Duncan,173384,122
Pete,Smith,7249,122
Jed,Brophy,173451,122
Lee,Hartley,2082666,122
Billy,Jackson,1201351,122
Katie,Jackson,2082669,122
Alan,Howard,1367,122
Jane,Abbott,2089117,122
Gino,Acevedo,8682,122
Aidan,Bell,2089118,122
Jarl,Benzon,2082709,122
Jørn,Benzon,2082697,122
Emma,Deakin,2089102,122
Michael,Elsworth,1590834,122
Clint,Elvy,2095537,122
Zo,Hartley,2082770,122
Peter,Jackson,108,122
Sandro,Kopp,1674266,122
Andrew,Lesnie,1313,122
Joseph,Mika-Hunt,1201399,122
Henry,Mortensen,2082731,122
Craig,Parker,1332,122
Rick,Porras,1477006,122
Christian,Rivers,1419579,122
Michael,Semanick,1378828,122
Howard,Shore,117,122
John,Stephenson,15869,122
Richard,Taylor,1323,122
Royd,Tolkien,1191103,122
Tom,Hanks,31,13
Robin,Wright,32,13
Gary,Sinise,33,13
Sally,Field,35,13
Mykelti,Williamson,34,13
Michael,Humphreys,37821,13
Hanna,Hall,204997,13
Haley,Osment,9640,13
Siobhan,Hogan,6751,13
Rebecca,Williams,3817610,13
Bob,Penny,196855,13
Harold,Herthum,3052237,13
George,Kelly,951881,13
John,Randall,3817629,13
Sam,Anderson,36221,13
Margo,Moorer,1215432,13
Ione,Telech,3817635,13
Christine,Seabrook,3817637,13
John,Worsham,946856,13
Peter,Dobson,37822,13
Alexander,Zemeckis,1808925,13
Logan,Gomez,3817649,13
Ben,Waddel,3817652,13
Elizabeth,Hanks,2392748,13
Tyler,Long,2020776,13
Christopher,Jones,1019727,13
Grady,Bowman,2939086,13
Kevin,Mangan,37832,13
Fay,Genens,3817687,13
Frank,Geyer,3817690,13
Rob,Landry,3032761,13
Jason,McGuire,2140105,13
Pete,Auster,3817708,13
Sonny,Shroyer,37823,13
Brett,Rice,29934,13
Ed,Davis,2894942,13
Daniel,Striepeke,14526,13
Bruce,Lucvia,3817721,13
David,Brisbin,6310,13
Kirk,Ward,154697,13
Angela,Lomas,3817723,13
Timothy,Record,3817724,13
Deborah,McTeer,3817728,13
Mark,Matheisen,975108,13
Al,Harrington,129725,13
Jed,Gillin,37824,13
Bob,Harks,2428975,13
Don,Fischer,1346510,13
Kenneth,Bevington,3817735,13
Michael,Flannery,2679690,13
Gary,Robinson,3817742,13
Marlena,Smalls,37831,13
Kitty,Green,37830,13
Afemo,Omilami,37825,13
Matt,Wallace,1088274,13
Danté,McCarthy,3206176,13
Paulie,DiCocco,1838775,13
Mike,Jolly,114326,13
Michael,Kemmerling,170051,13
John,Voldstad,95140,13
Jeffrey,Winner,1806640,13
Russ,Wilson,2949379,13
Daniel,Gillooly,1446990,13
Calvin,Gadsden,3817748,13
Aaron,Izbicki,3817750,13
Michael,Burgess,1401994,13
Steven,Griffith,1235787,13
Bill,Roberson,1682751,13
Michael,McFall,163441,13
Eric,Underwood,3817757,13
Steve,DeRelian,1089167,13
Byron,Minns,92658,13
Stephen,Bridgewater,81692,13
Bonnie,Burgess,2207913,13
Scott,Oliver,108174,13
John,Galt,37827,13
Hilary,Chaplain,3686348,13
Isabel,Rose,1313819,13
Jay,Ross,3817798,13
Richard,D'Alessandro,1409948,13
Dick,Stilwell,2742892,13
Kevin,Davis,1618488,13
Michael,Jace,46921,13
Geoffrey,Blake,148122,13
Tim,Perry,79379,13
Vanessa,Roth,406976,13
Emily,Carey,2207912,13
Paul,Raczkowski,3342087,13
Valentine,,3817808,13
Dick,Cavett,10565,13
Joe,Stefanelli,3165095,13
Tiffany,Salerno,1405338,13
Marla,Sucharetza,21129,13
Aloysius,Gigl,3653480,13
Jack,Bowden,3817813,13
Joe,Alaskey,86434,13
Lazarus,Jackson,1465241,13
W.,Terry,1632630,13
Matt,Rebenkoff,92343,13
Peter,Bannon,3817821,13
Joe,Washington,1748207,13
Nora,Dunfee,37828,13
Natalie,Tate,3645998,13
Hallie,D'Amore,1327149,13
Jim,Hanks,104378,13
Chiffonye,Cobb,3817836,13
Juan,Singleton,3817841,13
Bobby,Richardson,3817846,13
Michael,Mattison,37829,13
Lenny,Herb,3817879,13
Charles,Boswell,176329,13
Timothy,McNeil,169643,13
Lonnie,Hamilton,951054,13
Teresa,Denton,3817882,13
Kurt,Russell,6856,13
Mary,Trainor,23967,13
Robb,Skyler,173277,13
Michael,Oliver,68209,13
Bryan,Hanna,84901,13
Greg,Brown,98873,13
Brendan,Shanahan,1150593,13
Troy,Christian,13204,13
Jacqueline,Lovell,42961,13
Zach,Hanner,1392671,13
Aaron,Lacey,1273540,13
William,Shipman,567126,13
Clint,Eastwood,190,429
Eli,Wallach,3265,429
Lee,Cleef,4078,429
Aldo,Giuffrè,5813,429
Luigi,Pistilli,5814,429
Rada,Rassimov,5815,429
Enzo,Petito,1077276,429
Claudio,Scarchilli,1077277,429
Antonio,Casale,5818,429
Livio,Lorenzon,5817,429
Sandro,Scarchilli,1077278,429
Benito,Stefanelli,4661,429
Angelo,Novi,5819,429
Antonio,Casas,103529,429
Aldo,Sambrell,49895,429
Al,Mulock,129314,429
Sergio,Mendizábal,37512,429
Antonio,Rojo,102096,429
Lorenzo,Robledo,100930,429
Mario,Brega,16318,429
Chelo,Alonso,535685,429
Fortunato,Arena,144612,429
Román,Ariznavarreta,589876,429
Silvana,Bacci,1127109,429
Joseph,Bradley,2505300,429
Frank,Braña,72888,429
Amerigo,Castrighella,1046525,429
Saturno,Cerra,1063555,429
William,Conroy,1653267,429
Axel,Darna,1007574,429
Tony,Mitri,50784,429
Gianni,Segni,3330610,429
Alberigo,Donadeo,1684757,429
Attilio,Dottesio,43241,429
Luis,Eribe,1761320,429
Veriano,Ginesi,1467655,429
Jesús,Guzmán,222591,429
Víctor,Israel,32830,429
Nazzareno,Natale,119515,429
Ricardo,Palacios,32130,429
Antonio,Palombi,1910461,429
Romano,Puppo,102121,429
Antoñito,Ruiz,1082083,429
Aysanoa,Runachagua,1059887,429
Enrique,Santiago,2505272,429
José,Terrón,5843,429
Franco,Tocci,1313635,429
Antonio,Montoya,4098215,429
Ray,Liotta,11477,769
Robert,Niro,380,769
Joe,Pesci,4517,769
Lorraine,Bracco,11478,769
Paul,Sorvino,7004,769
Frank,Sivero,11480,769
Tony,Darrow,11482,769
Mike,Starr,5170,769
Frank,Vincent,7164,769
Chuck,Low,11479,769
Frank,DiLeo,11481,769
Henny,Youngman,99939,769
Gina,Mastrogiacomo,11485,769
Catherine,Scorsese,11483,769
Charles,Scorsese,1006721,769
Suzanne,Shepherd,11484,769
Debi,Mazar,5578,769
Margo,Winkler,1079544,769
Welker,White,93620,769
Jerry,Vale,1212532,769
Julie,Garfield,155890,769
Christopher,Serrone,232946,769
Elaine,Kagan,153926,769
Beau,Starr,42308,769
Kevin,Corrigan,18472,769
Michael,Imperioli,11486,769
Robbie,Vinton,1888768,769
Johnny,Williams,53401,769
Daniel,Conte,120303,769
Tony,Conforti,985096,769
Frank,Pellegrino,1701137,769
Ronald,Maccone,233121,769
Tony,Sirico,21385,769
Joseph,D'Onofrio,17928,769
Steve,Forleo,1888769,769
Richard,Dioguardi,1555143,769
Frank,Adonis,4692,769
John,Manca,1888770,769
Joseph,Bono,1888773,769
Katherine,Wallach,164093,769
Mark,Jacobs,1586080,769
Angela,Pietropinto,80542,769
Marianne,Cooper,1223750,769
Marie,Michaels,1730666,769
LoNardo,,1888777,769
Melissa,Prophet,105623,769
Illeana,Douglas,7796,769
Susan,Varon,1218231,769
Elizabeth,Whitcraft,9172,769
Clem,Caserta,17921,769
Samuel,Jackson,2231,769
Fran,McGee,171851,769
Paul,Herman,58535,769
Edward,McDonald,1888782,769
Edward,Hayes,1888784,769
Gina,Mattia,1888786,769
Joel,Calendrillo,1888788,769
Anthony,Valentin,1888791,769
Edward,Murphy,106663,769
Michael,Citriniti,147618,769
Peter,Hock,138097,769
Erasmus,Alfano,1888808,769
John,Benedetto,60121,769
Manny,Alfaro,163985,769
Thomas,Lowry,1888809,769
Margaret,Smith,1218682,769
Richard,Mullally,1888811,769
Frank,Albanese,1507690,769
Paul,McIsaac,993064,769
Bob,Golub,1667612,769
Louis,Eppolito,9286,769
Tony,Lip,61241,769
Mikey,Black,1888812,769
Peter,Cicale,1888813,769
Anthony,Powers,1852819,769
Vincent,Pastore,47774,769
Anthony,Alessandro,166890,769
Victor,Colicchio,5298,769
Mike,Contessa,1888814,769
Philip,Suriano,14332,769
Paul,Mougey,1888816,769
Norman,Barbera,1888817,769
Anthony,Polemeni,1888818,769
James,Quattrochi,51656,769
Lawrence,Sacco,1393358,769
Dino,Laudicina,1637058,769
Thomas,Camuti,1888819,769
Andrew,Scudiero,1888820,769
Irving,Welzer,1888821,769
Jesse,Kirtzman,1888827,769
Russell,Halley,1888828,769
Spencer,Bradley,1888829,769
Bob,Altman,1888830,769
Joanna,Bennett,1888832,769
Gayle,Lewis,1888833,769
Gaetano,Lisi,1770993,769
Luke,Walter,1888834,769
Ed,Deacy,1888835,769
Larry,Silvestri,1888836,769
John,Ciarcia,1291639,769
Vito,Picone,1888837,769
Janis,Corsair,1788103,769
Lisa,D’Apolito,1888838,769
Frank,Aquilino,1315514,769
Michael,Calandrino,1888840,769
Vito,Antuofermo,1169885,769
Vincent,Gallo,22461,769
Gaetano,LoGiudice,1850605,769
Garry,Pastore,1513512,769
Nicole,Burdette,4159,769
Stella,Keitel,209069,769
Dominique,DeVito,1888842,769
Michaelangelo,Graziano,1888843,769
Paula,Kcira,1888844,769
Nadine,Kay,1888845,769
Tony,Ellis,1888853,769
Peter,Onorati,21490,769
Jamie,deRoy,1879781,769
Joel,Blake,1888846,769
H.,Dear,1888848,769
Thomas,Hewson,1888849,769
Gene,Canfield,21382,769
Margaux,Guerard,1888856,769
Violet,Gaynor,1888857,769
Tobin,Bell,2144,769
Berlinda,Tolbert,56951,769
Nancy,Cassaro,1226292,769
Adam,Wandt,1888859,769
Joe,Gioco,1888860,769
Isiah,Jr.,17490,769
Alyson,Jones,1888861,769
Ruby,Gaynor,1888862,769
Bo,Dietl,131119,769
Frank,Cassini,25390,769
Anthony,Caso,556870,769
Lisa,Bostnar,1558846,769
Billy,Sullivan,21735,769
Daniela,Barbosa,2302915,769
Mark,Jacobs,1781483,769
Vito,Balsamo,1196312,769
Peter,Fain,1973916,769
Tsutomu,Tatsumi,72413,12477
Ayano,Shiraishi,72414,12477
Yoshiko,Shinohara,72415,12477
Akemi,Yamaguchi,72416,12477
Kozo,Hashida,3773478,12477
Masayo,Sakai,3773484,12477
Kazumi,Nozaki,3773488,12477
Yoshio,Matsuoka,3773491,12477
Masahiro,Kanetake,3773492,12477
Kiyoshi,Yanagawa,3773494,12477
Hajime,Maki,3773496,12477
Atsuo,Omotem,3773498,12477
Teruhisa,Harita,3773499,12477
Hiroshi,Tanaka,118998,12477
Michio,Denpo,3773504,12477
Shiro,Tamaki,3773506,12477
Mika,Sekita,3773508,12477
Kyoko,Moriwaki,3642773,12477
Toshirō,Mifune,7450,346
Takashi,Shimura,7453,346
Yoshio,Inaba,20828,346
Seiji,Miyaguchi,20829,346
Minoru,Chiaki,7454,346
Daisuke,Katō,7457,346
Isao,Kimura,20830,346
Keiko,Tsushima,20831,346
Yukiko,Shimazaki,554250,346
Kamatari,Fujiwara,96552,346
Yoshio,Kosugi,134272,346
Bokuzen,Hidari,34377,346
Yoshio,Tsuchiya,17540,346
Kokuten,Kōdō,108028,346
Eijirō,Tōno,106165,346
Jun,Tatara,228547,346
Atsushi,Watanabe,134294,346
Toranosuke,Ogawa,134406,346
Isao,Yamagata,134020,346
Kichijirō,Ueda,7455,346
Sôjin,Kamiyama,1173025,346
Gen,Shimizu,552187,346
Keiji,Sakakida,1478367,346
Shinpei,Takagi,121190,346
Shin,Ōtomo,552174,346
Toshio,Takahara,1093065,346
Hiroshi,Sugi,1083308,346
Hiroshi,Hayashi,125016,346
Sachio,Sakai,108026,346
Sôkichi,Maki,1481118,346
Ichirō,Chiba,552180,346
Noriko,Sengoku,106161,346
Noriko,Honma,7456,346
Masanobu,Ôkubo,1200247,346
Etsuo,Saijo,1481119,346
Minoru,Itō,552175,346
Haruya,Sakamoto,552184,346
Gorô,Sakurai,1481120,346
Hideo,Shibuya,1478372,346
Kiyoshi,Kamoda,1481121,346
Senkichi,Ōmura,552166,346
Takashi,Narita,1481122,346
Shōichi,Hirose,552170,346
Kôji,Uno,1059891,346
Masaaki,Tachibana,1478373,346
Kamayuki,Tsubono,1112075,346
Taiji,Naka,1481123,346
Chindanji,Miyagawa,1481124,346
Shigemi,Sunagawa,552181,346
Akira,Tani,552167,346
Akio,Kusama,1185637,346
Ryûtarô,Amami,1481125,346
Jun,Mikami,1481126,346
Haruo,Nakajima,235722,346
Sanpei,Mine,551810,346
Masahide,Matsushita,1481127,346
Kaneo,Ikeda,1481128,346
Takuzô,Kumagaya,1481129,346
Ippei,Kawagoe,1481130,346
Jirô,Suzukawa,1479150,346
Junpei,Natsuki,1201022,346
Kyôichi,Kamiyama,1481132,346
Haruo,Suzuki,552176,346
Gorô,Amano,1481133,346
Akira,Kitchôji,1481134,346
Kōji,Iwamoto,1167989,346
Hiroshi,Akitsu,1342305,346
Akira,Yamada,1200144,346
Kazuo,Imai,1481135,346
Eisuke,Nakanishi,1481137,346
Toku,Ihara,1478371,346
Hideo,Ôtsuka,1481140,346
Shû,Ôe,1481142,346
Yasuhisa,Tsutsumi,1167993,346
Yasumasa,Ônishi,1481144,346
Tsuneo,Katagiri,1481145,346
Megeru,Shimoda,1481146,346
Masayoshi,Kawabe,1481147,346
Shigeo,Katô,1117087,346
Yoshikazu,Kawamata,1481148,346
Takeshi,Seki,1481149,346
Haruko,Toyama,1268056,346
Tsuruko,Mano,136386,346
Matsue,Ono,1481151,346
Tsurue,Ichimanji,1479144,346
Masako,Ôshiro,1481152,346
Kyōko,Ozawa,1481154,346
Michiko,Kadono,1481155,346
Toshiko,Nakano,1198473,346
Shizuko,Azuma,1200402,346
Michiko,Kawabe,1481158,346
Yûko,Togawa,1481159,346
Yayoko,Kitano,1481160,346
Kyoko,Mori,1483796,346
Misao,Suyama,1481161,346
Toriko,Takahara,1481162,346
Takeshi,Katō,72540,346
Tatsuya,Nakadai,70131,346
Ken,Utsui,78496,346
Ren,Yamamoto,931393,346
Philippe,Noiret,24366,11216
Jacques,Perrin,20030,11216
Marco,Leonardi,27643,11216
Salvatore,Cascio,68635,11216
Agnese,Nano,120152,11216
Antonella,Attili,70083,11216
Enzo,Cannavale,52657,11216
Isa,Danieli,1014911,11216
Leo,Gullotta,119992,11216
Pupella,Maggio,25780,11216
Leopoldo,Trieste,14151,11216
Tano,Cimarosa,103627,11216
Nicola,Pinto,39618,11216
Roberta,Lena,1077256,11216
Nino,Terzo,134215,11216
Turi,Giuffrida,2102251,11216
Mariella,Giudice,1479493,11216
Giorgio,Libassi,1878431,11216
Beatrice,Palme,228148,11216
Ignazio,Pappalardo,1503044,11216
Angela,Leontini,2578324,11216
Mimmo,Mignemi,1604213,11216
Turi,Killer,1883265,11216
Angelo,Tosto,2535511,11216
Franco,Catalano,553184,11216
Brigitte,Fossey,1959,11216
Giuseppe,Tornatore,65314,11216
Nellina,Lagana,3141674,11216
Margherita,Mignemi,3141675,11216
Giuseppe,Pellegrino,3141676,11216
Concetta,Borpagano,3141677,11216
Roberto,Benigni,4818,637
Nicoletta,Braschi,9235,637
Giorgio,Cantarini,9236,637
Giustino,Durano,9237,637
Sergio,Bustric,9239,637
Marisa,Paredes,954,637
Horst,Buchholz,5789,637
Lidia,Alfonsi,9240,637
Giuliana,Lojodice,9242,637
Amerigo,Fontani,9238,637
Pietro,Silva,9241,637
Francesco,Guzzo,9243,637
Raffaella,Lebboroni,93726,637
Claudio,Alfonsi,1884402,637
Gil,Baroni,1397652,637
Massimo,Bianchi,1898014,637
Jürgen,Bohn,4479382,637
Verena,Buratti,6289,637
Robert,Camero,4479387,637
Ennio,Consalvi,4479388,637
Giancarlo,Cosentino,1913215,637
Aaron,Craig,1807066,637
Alfiero,Falomi,4479396,637
Daniela,Fedke,4479397,637
Antonio,Fommei,4479398,637
Stefano,Frangipani,4479399,637
Ernst,Holger,4479400,637
Alessandra,Grassi,4479403,637
Hannes,Hellmann,45662,637
Wolfgang,Hillinger,991277,637
Margarita,Krauss,4479404,637
Patrizia,Lazzarini,4479406,637
Maria,Letizia,4234606,637
Concetta,Lombardo,4479408,637
Maria,Macellari,4479411,637
Carlotta,Mangione,4479413,637
Franco,Mescolini,1724150,637
Francesca,Messinese,4479415,637
Inger,Middelthon,4479417,637
Andrea,Nardi,4479419,637
Günther,Pfanzelter,4479421,637
Cristiana,Porchiella,4479423,637
Antonio,Prester,51637,637
Gina,Rovere,33928,637
Laura,Ruedeberg,1084894,637
Massimo,Salvianti,1841256,637
Richard,Sammel,49487,637
James,Schindler,4479425,637
Andrea,Tidona,147159,637
Dirk,Berg,1369056,637
Giovanna,Villa,4479426,637
Omero,Antonutti,27208,637
Adelaide,Alaïs,1581614,637
Daniela,Fedtke,3267059,637
Rebecca,Hall,15556,823464
Brian,Henry,226366,823464
Dan,Stevens,221018,823464
Kaylee,Hottle,2948491,823464
Alex,Ferns,60416,823464
Fala,Chen,123701,823464
Rachel,House,15298,823464
Ron,Smyck,2896645,823464
Chantelle,Jamieson,1984017,823464
Greg,Hatton,2096500,823464
Kevin,Copeland,61782,823464
Tess,Dobre,4623438,823464
Tim,Carroll,1850005,823464
Anthony,Wong,930817,823464
Sophia,Emberson-Bain,1634440,823464
Chika,Ikogwe,3366146,823464
Vincent,Gorce,1202032,823464
Yeye,Zhou,4589985,823464
Jamaliah,Othman,4636543,823464
Nick,Lawler,4636546,823464
Jordy,Campbell,4193195,823464
Cassie,Riley,4364226,823464
Sophie,McIntosh,2613589,1096197
Will,Attenborough,1461462,1096197
Jeremias,Amoore,3031970,1096197
Manuel,Pacific,2573915,1096197
Grace,Nettle,3952003,1096197
Phyllis,Logan,127164,1096197
Colm,Meaney,17782,1096197
James,Jordan,152707,1096197
David,Biscoe,1809488,1096197
David,Samartin,2743000,1096197
Scott,Coker,3024089,1096197
Lee,Byford,1956505,1096197
Liam,Hemsworth,96066,969492
Russell,Crowe,934,969492
Luke,Hemsworth,216986,969492
Ricky,Whittle,195675,969492
Milo,Ventimiglia,16501,969492
Chika,Ikogwe,3366146,969492
Daniel,MacPherson,1229432,969492
Robert,Rabiah,934253,969492
Jack,Finsterer,59114,969492
Chris,Mah,4546550,969492
Lincoln,Lewis,94798,969492
Lachlan,Engeler,4088499,969492
Miguel,Usares,4546554,969492
Timothy,Latimer,4546556,969492
Michael,Joaquin,4546560,969492
Joey,Vieira,1634567,969492
Gunner,Wright,113231,969492
Eric,Zivic,4546562,969492
Manix,Butterfield,4546563,969492
Jaylen,Hill-Suadnyana,4546564,969492
Anna,Loren,4546566,969492
Macca,Adamson,4546567,969492
Matt,Seutin,4546568,969492
Rhonda,Hargrave,4546569,969492
George,Burgess,2966859,969492
William,Eubank,125324,969492
Jeanda,James,4330622,969492
Charles,Allen,3830510,969492
Francisco,Sagad,4546598,969492
Patricia,Violan,3271316,969492
Mckenna,Grace,1172108,967847
Paul,Rudd,22226,967847
Carrie,Coon,1308445,967847
Finn,Wolfhard,1442069,967847
Dan,Aykroyd,707,967847
Kumail,Nanjiani,466505,967847
Patton,Oswalt,10872,967847
Celeste,O'Connor,1972881,967847
Logan,Kim,2357412,967847
Emily,Lind,112742,967847
James,Acaster,1684762,967847
Bill,Murray,1532,967847
Ernie,Hudson,8874,967847
Annie,Potts,8873,967847
William,Atherton,7676,967847
Shelley,Williams,3653749,967847
Chris,Tummings,1147897,967847
John,Rothman,60205,967847
Stephen,Whitfield,4613169,967847
Samuel,Greco,4613171,967847
Chris,Ginesi,4613173,967847
Brandon,Burke,1322876,967847
Karack,Osborn,2703582,967847
Kevin,Mangold,1558814,967847
Ian,Whyte,946696,967847
Natalie,Cousteau,4272165,967847
Allison,McKay,93672,967847
Adam,Speers,3795643,967847
Claire,Titelman,1224202,967847
Kalisha,Johnson,4613198,967847
Evelyn,Edwards,1089188,967847
Andrew,Goddard,2040182,967847
Deeivya,Meir,2529375,967847
Sophia,Parola,3930014,967847
Megan,Robinson,3951052,967847
Evelyn,Bulls,4292279,967847
Camari,Brown,2721910,967847
Claudia,McCoy,3765349,967847
Damian,Muziani,2812724,967847
Remy,Germinario,1132720,967847
Michael,Kushner,3858500,967847
Deisy,Patiño,4099652,967847
Victoria,Giler,4613212,967847
Cassidy,Goron,4613213,967847
Georgia,Arron,4447020,967847
Jesse,Gallegos,2092824,967847
Jonathan,Mercedes,2422999,967847
Vinnie,Coppola,3908377,967847
A.J.,Voliton,1823960,967847
Adam,Murray,2646790,967847
Pat,Kiernan,1480047,967847
Shelby,Young,25113,967847
Ryan,Bartley,1507852,967847
Justice,Smith,1029934,1039773
Gillian,Vigman,61182,1039773
David,Grier,58563,1039773
Eric,Lutz,3292824,1039773
Kees,DeVos,4636932,1039773
An-Li,Bogan,2365075,1039773
Drew,Tarver,1292228,1039773
Michaela,Watkins,113224,1039773
Rupert,Friend,36669,1039773
Nicole,Byer,1381399,1039773
Aisha,Hinds,1192492,1039773
Tim,Baltz,1394353,1039773
Owen,Teague,1586047,653346
Freya,Allan,2146942,653346
Kevin,Durand,79072,653346
Peter,Macon,1444816,653346
William,Macy,3905,653346
Eka,Darville,966554,653346
Travis,Jeffery,1394427,653346
Neil,Sandilands,136295,653346
Sara,Wiseman,103406,653346
Ras-Samuel,Welda'abzgi,3757983,653346
Lydia,Peckham,2435321,653346
Dichen,Lachman,94797,653346
Ivan,Labanda,31415,838240
Tito,Trifol,4529554,838240
Rafa,Calvo,4529555,838240
José,Tos,4324061,838240
José,Mediavilla,4324062,838240
Graciela,Molina,1073466,838240
Esther,Solans,4324064,838240
Tim,Robbins,504,278
Morgan,Freeman,192,278
Bob,Gunton,4029,278
William,Sadler,6573,278
Clancy,Brown,6574,278
Gil,Bellows,6575,278
James,Whitmore,6577,278
Mark,Rolston,6576,278
Jeffrey,DeMunn,12645,278
Larry,Brandenburg,92119,278
Neil,Giuntoli,168323,278
Brian,Libby,6580,278
David,Proval,2555,278
Joseph,Ragno,5063,278
Jude,Ciccolella,8693,278
Paul,McCrane,32393,278
Renee,Blaine,6578,278
Scott,Mann,1624179,278
John,Horton,163979,278
Gordon,Greene,194459,278
Alfonso,Freeman,52603,278
V.J.,Foster,122596,278
John,Summers,2772979,278
Frank,Medrano,1216752,278
Mack,Miles,139992,278
Alan,Kessler,2772983,278
Morgan,Lund,1853997,278
Cornell,Wallace,2772985,278
Gary,Davis,32656,278
Neil,Summers,179188,278
Ned,Bellamy,2141,278
Joe,Pecoraro,2772989,278
Harold,Jr.,2772990,278
Brian,Delate,6579,278
Don,McManus,79025,278
Donald,Zinn,2574896,278
Dorothy,Silver,1422439,278
Robert,Haley,123302,278
Dana,Snyder,2772991,278
John,Craig,2294531,278
Ken,Magee,1537819,278
Eugene,DePasquale,2772995,278
Bill,Bolender,105649,278
Ron,Newell,2779347,278
John,Woodward,1123794,278
Chuck,Brauchler,2774986,278
Dion,Anderson,91420,278
Claire,Slemmer,2231406,278
James,Kisicki,1634770,278
Rohn,Thomas,27690,278
Charlie,Kearns,2774993,278
Rob,Reider,2774995,278
Brian,Brophy,48587,278
Paul,Kennedy,2775011,278
James,Babson,25659,278
Dennis,Baker,1771867,278
Fred,Culbertson,1185588,278
Alonzo,Jones,92647,278
Sergio,Kato,1337623,278
Gary,Jones,1636797,278
Kingsley,Ben-Adir,1417352,802219
Lashana,Lynch,1360281,802219
James,Norton,1205278,802219
Tosin,Cole,1360152,802219
Umi,Myers,4072446,802219
Anthony,Welsh,1108724,802219
Nia,Ashi,4550694,802219
Aston,Jr.,4613266,802219
Anna-Sharé,Blake,4613269,802219
Gawaine,Campbell,4613270,802219
Naomi,Cowan,3776933,802219
Alexx,A-Game,4613273,802219
Michael,Gandolfini,1900369,802219
Quan-Dajai,Henriques,4613250,802219
David,Jr.,4634107,802219
Hector,Lewis,4072448,802219
Abijah,Livingston,4634116,802219
Nadine,Marshall,1064289,802219
Sheldon,Shepherd,1158468,802219
Andrae,Simpson,4634118,802219
Stefan,Wade,4634119,802219
Brian,Boucher,4613252,802219
Cornelius,Grant,4072447,802219
Nolan,Collignon,4634120,802219
Jesse,Cilio,1727194,802219
Sundra,Oakley,1225886,802219
Harry,Burton,566261,802219
Nestor,Absera,85208,802219
Joseph,Paul,3571846,802219
Sam,Palladio,1097967,802219
Cosmo,Wellings,4114211,802219
Yasmeen,Scott,3669714,802219
Micheal,Ward,2380397,802219
Ivy,Freeman-Attwood,3963324,802219
Kirsten,Dunst,205,929590
Wagner,Moura,52583,929590
Cailee,Spaeny,1683343,929590
Nick,Offerman,17039,929590
Stephen,Henderson,196179,929590
Jefferson,White,1385813,929590
Nelson,Lee,109019,929590
Evan,Lai,2001956,929590
Vince,Pisani,1431398,929590
Justin,Boykin,2145383,929590
Jess,Matney,3641129,929590
Greg,Hill,1944266,929590
Edmund,Donovan,1508173,929590
Sonoya,Mizuno,1457238,929590
Jesse,Plemons,88124,929590
Tim,James,1790012,929590
Simeon,Freeman,2756171,929590
James,Yaegashi,1528809,929590
Dean,Grimes,1427688,929590
Alexa,Mansour,1371546,929590
Martha,Knighton,1502319,929590
Melissa,Saint-Amand,1515510,929590
Karl,Glusman,1327613,929590
Jin,Ha,2088446,929590
Jojo,Gibbs,2135069,929590
Jared,Shaw,3072032,929590
Justin,Garza,3608238,929590
Brian,Philpot,1825888,929590
Tywaun,Tornes,3641130,929590
Juani,Feliz,1689329,929590
Rosalie,Chiang,3156344,508947
Sandra,Oh,25540,508947
Ava,Morse,1373681,508947
Hyein,Park,2719558,508947
Maitreyi,Ramakrishnan,2602879,508947
Orion,Lee,1333452,508947
Wai,Ho,1269910,508947
Tristan,Chen,2974629,508947
James,Hong,20904,508947
Lori,Chinn,171743,508947
Mia,Tagano,3461283,508947
Sherry,Cola,2088734,508947
Lillian,Lim,1936014,508947
Jordan,Fisher,1192274,508947
Finneas,O'Connell,1396403,508947
Topher,Ngo,3313617,508947
Grayson,Villanueva,3313615,508947
Josh,Levi,1938898,508947
Sasha,Roiz,6071,508947
Addie,Chandler,2362592,508947
Lily,Sanfelippo,2765442,508947
Anne-Marie,,2240445,508947
Evan,Agos,2009801,508947
Trinity,Bliss,1895788,508947
Devin,Bright,1560918,508947
Kimberly,Brooks,54427,508947
Ian,Corlett,45924,508947
Juliet,Donenfeld,1914669,508947
Terri,Douglas,186605,508947
Ellen,Dubin,53934,508947
Alison,Fernandez,1472792,508947
Jack,Fisher,1850355,508947
Erin,Fitzgerald,188982,508947
Poon,Fong-Fong,1380235,508947
Hadley,Gannaway,2577418,508947
David,Hayter,10995,508947
Karen,Huie,1451088,508947
Sean,Krishnan,1337712,508947
Arif,Kinchen,1217803,508947
Paul,Kwo,1357479,508947
James,Leung,1502451,508947
Lydia,Look,1217870,508947
David,Chen,3243214,508947
Kim,Guest,190352,508947
Caleb,Jeon,3463956,508947
Ethan,Loh,3463957,508947
Noel,Mason,3067318,508947
Jason,Maybaum,1827954,508947
Jaiden,McLeod,2221070,508947
Ulka,Mohanty,2304320,508947
Iara,Nemirovsky,3156569,508947
Capri,Oliver,2500427,508947
Benjamin,Plessala,3463959,508947
Tsang,Pui-Yee,3463960,508947
Maddix,Robinson,2009807,508947
Zeno,Robinson,2135035,508947
Vivienne,Rutherford,2798238,508947
Violet,Schaffer,2577451,508947
Mariel,Sheets,1393182,508947
Christian,Simon,1983013,508947
Artemis,Snow,2531057,508947
Sydney,Thomas,2408005,508947
Timothy,Chi-Sing,2040668,508947
Benjamin,Valic,2623517,508947
Shondalia,White,1528972,508947
Cedric,Williams,1452946,508947
Dev,Patel,76788,560016
Sikandar,Kher,229123,560016
Pitobash,,225163,560016
Sobhita,Dhulipala,1643582,560016
Vipin,Sharma,52768,560016
Sharlto,Copley,82191,560016
Ashwini,Kalsekar,85657,560016
Jatin,Malik,4606857,560016
Adithi,Kalkunte,2125273,560016
Makrand,Deshpande,130990,560016
Brahim,Achabbakhe,234990,560016
Zakir,Hussain,1172042,560016
Mark,Wahlberg,13240,618588
Nathalie,Emmanuel,1251069,618588
Simu,Liu,1489211,618588
Ali,Suliman,762,618588
Juliet,Rylance,928906,618588
Bear,Grylls,208629,618588
Michael,Landes,57428,618588
Andrés,Castillo,3570596,618588
Angie,Berube,4604501,618588
Paul,Guilfoyle,925,618588
Rob,Collins,1636490,618588
Elizabeth,Chahin,2879806,618588
Viktor,Åkerblom,105465,618588
Zamantha,Díaz,3222852,618588
Alani,iLongwe,1183648,618588
Mauricio,Adrian,4330355,618588
Luis,Valle,3712466,618588
Arturo,Duvergé,4367148,618588
Roger,Wasserman,2069444,618588
Sharon,Gallardo,3890069,618588
Oscar,Best,1494307,618588
Iban,Marrero,2606615,618588
Carlton,Mallard,4379986,618588
Cece,Valentina,4379987,618588
Enea,Sala,3649939,801112
Leonardo,Maltese,3638262,801112
Paolo,Pierobon,482503,801112
Fausto,Alesi,105870,801112
Barbara,Ronchi,1204168,801112
Andrea,Gherpelli,126451,801112
Samuele,Teneggi,3896193,801112
Corrado,Invernizzi,105869,801112
Filippo,Timi,105868,801112
Fabrizio,Gifuni,35106,801112
Paolo,Calabresi,27399,801112
Aurora,Camatti,4085776,801112
Bruno,Cariello,1685806,801112
Walter,Lippa,1840132,801112
Alessandro,Bandini,3484229,801112
Leonardo,Bianconi,4085775,801112
Daniele,Aldrovandi,1996216,801112
Fabrizio,Contri,1163414,801112
Giustiniano,Alpi,2064633,801112
Orfeo,Orlando,128753,801112
Federica,Fracassi,1139380,801112
Giulia,Quadrelli,3441584,801112
Renato,Sarti,1201286,801112
Flavia,Baiku,4086180,801112
Tonino,Tosto,2929117,801112
Christian,Mudu,4086182,801112
Riccardo,Bandiera,4086186,801112
Chieko,Baisho,533325,4935
Takuya,Kimura,12670,4935
Akihiro,Miwa,20338,4935
Tatsuya,Gashûin,19592,4935
Ryunosuke,Kamiki,225730,4935
Mitsunori,Isaki,40449,4935
Yo,Oizumi,40450,4935
Akio,Otsuka,40451,4935
Daijirô,Harada,40452,4935
Haruko,Katō,40453,4935
Makoto,Yasumura,1251324,4935
Manabu,Muraji,1253093,4935
Keiko,Tsukamoto,2844828,4935
Yayoi,Kazuki,2023580,4935
Seiji,Sasaki,1246258,4935
Hiroshi,Takahashi,1252722,4935
Mayuno,Yasokawa,1253451,4935
Rio,Kanno,71644,4935
Kojiro,Takahashi,3985888,4935
Akiyoshi,Sakurai,3985890,4935
Momoko,Kurita,3677798,4935
Mina,Meguro,2856721,4935
Yasuhiro,Ohara,3985894,4935
Akio,Tanaka,3985895,4935
Rina,Yamada,2856737,4935
Tomoe,Hanba,1247802,4935
Naoto,Kaji,2856725,4935
Teruo,Seki,3131047,4935
Shinobu,Katabuchi,2856724,4935
Masako,Inui,3985896,4935
Yohei,Ohbayashi,1253081,4935
Takeshi,Miyajima,3985900,4935
Yukiko,Mizuochi,3320560,4935
Maki,Koizumi,2347660,4935
Nobito,Nishioka,3985902,4935
Teppei,Akashi,3985905,4935
Reiko,Onishi,3985908,4935
Yumiko,Ogata,3985910,4935
Hiroyuki,Kamikawaji,3985911,4935
Tomohiko,Kiyota,3721955,4935
Kaori,Kaneko,3985917,4935
Aiko,Nakajima,3985918,4935
Jun,Kuwahara,3985920,4935
Yuta,Kobayashi,2084077,4935
Yuko,Nomura,3985921,4935
Tamayo,Fukushi,3985922,4935
Atsushi,Takeya,3985923,4935
Yoshifumi,Nakagawa,3985924,4935
Hiroki,Tanaka,2539433,4935
Yohei,Matsukado,1810263,4935
Akane,Fujisaki,3985926,4935
Izumi,Matsuoka,1777997,4935
Tomonori,Yanagibashi,3985928,4935
Ken,Yasuda,1039220,4935
Hiroyuki,Morisaki,1060300,4935
Shigeyuki,Totsugi,1251804,4935
Takuma,Otoo,1348016,4935
Scott,Chambers,1482026,1079485
Ryan,Oliva,1325532,1079485
Tallulah,Evans,93492,1079485
Lewis,Santer,4429409,1079485
Eddy,MacKenzie,4429408,1079485
Marcus,Massey,1508760,1079485
Simon,Callow,4001,1079485
Teresa,Banham,1466858,1079485
Mason,Gold,4608502,1079485
Peter,DeSouza-Feighoney,4041888,1079485
Soma,Zimmatore,4608456,1079485
Alec,Newman,13362,1079485
Thea,Evans,4588076,1079485
Flynn,Matthews,4588106,1079485
Holden,Smith,4608450,1079485
Ivy,Orlebar,4608448,1079485
Toby,Wynn-Davies,2062955,1079485
Tade,Adebajo,4429415,1079485
Nicola,Wright,216988,1079485
Philip,Philmar,1518112,1079485
Amira,Thomas,4608510,1079485
Nichaela,Farrell,4388987,1079485
Chrissie,Wunna,3122182,1079485
Ash,Tandon,2156500,1079485
Kalixta,Fosang-Olarinmoye,4608454,1079485
Kelly,Sanson,3323741,1079485
Phoenix,James,4608508,1079485
Thanael,Weeks,4588109,1079485
Sam,Barrett,2464714,1079485
Lila,Lasso,3587737,1079485
William,Dallaway,4608507,1079485
Andrew,Rolfe,2994715,1079485
Lucas,Allermann,4608504,1079485
Sam,McCarthy,1993317,1079485
Junior,Wunna,4134497,1079485
Cris,Parker,4617507,1079485
Jenny,Miller,3553540,1079485
Louisa,Warren,1673449,1079485
Jenna,Wilson,4020364,1079485
Becca,Hirani,1644164,1079485
Natasha,Tosini,3629485,1079485
Stephen,Staley,3124678,1079485
Danielle,Scott,3254592,1079485
Alyssa,Haymor,4429378,1079485
Alina,Desmond,4054348,1079485
Connor,Powles,3729399,1079485
Charlotte,Coleman,4097903,1079485
Hilary,Swank,448,974036
Alan,Ritchson,64295,974036
Emily,Mitchell,3543561,974036
Skywalker,Hughes,3318616,974036
Nancy,Travis,18331,974036
Tamala,Jones,59154,974036
Drew,Powell,173995,974036
Amy,Acker,81133,974036
Stephanie,Sy,2154533,974036
Erik,Athavale,1303813,974036
Dempsey,Bryk,1844055,974036
David,Brown,55616,974036
Darcy,Fehr,117051,974036
Don,Mike,1772662,974036
Ryan,Allen,62651,974036
DJ,Brotherson,3814628,974036
Gabriel,Daniels,1701241,974036
Andrea,Campo,1896596,974036
Jean-Jacques,Javier,1356237,974036
Ernie,Pitts,1855470,974036
Nancy,Sorel,74366,974036
Koji,Yakusho,18056,976893
Tokio,Emoto,1015822,976893
Arisa,Nakano,4011271,976893
Aoi,Yamada,3086230,976893
Yumi,Asou,79457,976893
Sayuri,Ishikawa,1630770,976893
Tomokazu,Miura,33134,976893
Min,Tanaka,136191,976893
Miyako,Tanaka,4500897,976893
Long,Mizuma,2432130,976893
Soraji,Shibuya,4500898,976893
Aoi,Iwasaki,4500899,976893
Kisuke,Shimazaki,4500901,976893
Yuriko,Kawasaki,1962646,976893
Aki,Kobayashi,4500902,976893
Bunmei,Harada,3365720,976893
Reina,,4500903,976893
Shunsuke,Miura,1418169,976893
Gan,Furukawa,3462004,976893
Atsushi,Fukazawa,1636643,976893
Taijirō,Tamura,2258204,976893
Masahiro,Koumoto,226829,976893
Makiko,Okamoto,4500906,976893
Daigo,Matsui,1080183,976893
Nao,Takahashi,2220151,976893
Nari,Saitô,2647162,976893
Hiroto,Oshita,2063824,976893
Naoko,Ken,1057560,976893
Mijika,Nagai,2062205,976893
Motomi,Makiguchi,1508452,976893
Isao,Matsui,1999004,976893
Aoi,Yoshida,3213323,976893
Tomoyuki,Shibata,4500915,976893
Inuko,Inuyama,936287,976893
Morooka,Moro,58615,976893
Morio,Agata,553084,976893
Nijika,Tonouchi,4500916,976893
Yasushi,Okuwa,4219995,976893
Hairi,Katagiri,123862,976893
Tateto,Serizawa,1736365,976893
Yoneko,Matsukane,125946,976893
Tamae,Ando,553809,976893
Luis,Tosar,16867,1053592
Inma,Cuesta,224728,1053592
Roberto,Enríquez,34054,1053592
Fernando,Cayo,51902,1053592
Nourdin,Batán,2786957,1053592
Patricia,Vico,1243743,1053592
Lucas,Nabor,2768896,1053592
Antonio,Buíl,232658,1053592
Milo,Taboada,1077953,1053592
Ismail,Ammi,3803188,1053592
Moussa,Echarif,2486758,1053592
Alisha,Weir,2442117,1111873
Melissa,Barrera,1373659,1111873
Dan,Stevens,221018,1111873
Angus,Cloud,2352372,1111873
Kathryn,Newton,221192,1111873
William,Catlett,1962720,1111873
Kevin,Durand,79072,1111873
Giancarlo,Esposito,4808,1111873
Matthew,Goode,1247,1111873
